title,content,option_a,option_b,option_c,option_d,option_e,correct_answer,category,difficulty,year,hint,solution_idea,explanation,tags,is_active
C Q.001,"int a=5, b;
b = 3+a*2-a/2;
a = a+b;
a,b的值為何？","a=15.5, b=10.5","a=16, b=11","a=10, b=5","a=10.5, b=5.5",程式錯誤,B,變數與運算,easy,,,,整數除法、先乘除後加減,"C程式,程式識讀,變數與運算",True
C Q.002,"int a=0, b;
a = (5+2)*(7-2*3);
b = (a-4*(a-5))*2;
a,b的值為何？","a=7, b=-2","a=105, b=-325","a=51, b=-9","a=0, b=0",以上皆非或程式錯誤,A,變數與運算,easy,,,,括弧先算、先乘除後加減,"C程式,程式識讀,變數與運算",True
C Q.003,"int a,b=2;
a = 5;
a+3 = b+7;
a,b的值為何？","a=5, b=2","a=5, b=9","a=6, b=2","a=6, b=9",以上皆非或程式錯誤,E,變數與運算,easy,,,,指定運算(=)左方必須為變數,"C程式,程式識讀,變數與運算",True
C Q.004,"int q[10],head=0,tail=0;
void push(int c):
x
return;
int pop():
int c = q[head];
y
return c;
此程式中 q 是用來當作一個簡易先進先出的佇
列(queue)。push 與 pop 兩函數中所缺的指
令 x 與 y 應填入下列何者？此處不考慮佇列是
空與滿的狀況。",x: q[++tail]=c; y: head++;,x: q[tail++]=c; y: head++;,x: q[++tail]=c; y: head--;,x: q[tail++]=c; y: head--;,以上皆非,B,資料結構,medium,,,,queue的基本題，簡易的 queue， head為彈出的位置，tail-1 是尾端。,"C程式,程式識讀,資料結構",True
C Q.005,"int a = 2, b;
a = 3.5;
b = 3/5*5;
a,b的值為何？","a=3, b=3","a=3.5, b=3","a=2, b=0","a=3, b=0",以上皆非或程式錯誤,D,變數與運算,easy,,,,變數與型態的認識，a 是整數，所以 a=3.5 執行時，3.5會型轉成整數 3。b的 計算，同是乘除，由左往右，整數除法無小,"C程式,程式識讀,變數與運算",True
C Q.006,"int q[5]={2,-3,6,-2,0},i=0;
while (q[i] != 0) {
i = (i+q[i])%5;
}
printf(""%d\n"",i);
執行結果為何？",輸出4,輸出5,輸出3,無窮迴圈,以上皆非或程式錯誤,E,陣列,medium,,,,"i=0,2,3,1 => (1-3)%5=-2, q[- 2]超界","C程式,程式識讀,陣列",True
C Q.007,"int a = 5, b = 3;
b = a; a = b;
printf(""%d %d\n"",a,b);
輸出為何？",3 5,3 3,5 5,0 0,以上皆非或程式錯誤,C,流程控制,easy,,,,依順序執行,"C程式,程式識讀,流程控制",True
C Q.008,"int s[12]={1,1,-3,2,4,-1,2,3,-5,2,-1,1};
int q[12], head=0, tail=0, i;
for (i=0; i<12; i++) {
if (s[i] > 0)
q[tail++] = s[i];
else {
while (s[i] < 0 && head<tail {
s[i] += q[head++];
}
}
}
int isum = 0;
for (i=head; i<tail; i++)
isum += q[i];
printf(""%d\n"", isum);
輸出為何？",1,3,4,6,以上皆非或程式錯誤,B,資料結構,hard,,,,用理解或直接追蹤皆可。q 是 queue，碰到正數壓入，負數則一直彈 if (s[i] > 0) 出抵銷，直到q是空或抵消完畢。問最 後剩下queue中的總和。在測資中，-,"C程式,程式識讀,資料結構",True
C Q.009,"int p=0,q=0,i;
char s[13]=""axxbcdxefxxg"",t[9];
for (i=0; i<12; i++) {
if (s[i] == 'x') {
if (p < q) p++;
} else {
t[q++] = s[i];
}
}
t[q] = '\0';
printf(""%s\n"",t+p);

輸出為何？",efg,cdg,bcg,abcdefg,以上皆非或程式錯誤,A,資料結構,medium,,,,t是queue，p 是head，q是tail。 非'x'壓入，否則從 t 中 pop，最後輸出,"C程式,程式識讀,資料結構",True
C Q.010,"int p=0,i;
char s[13]=""axxbcdxefxxg"",t[9];
for (i=0; i<12; i++) {
if (s[i] == 'x') {
if (p > 0) {
p--;
printf(""%c"",t[p]);
}
} else {
t[p++] = s[i];
}
}
輸出為何？",abcd,abcdefg,abefg,adfe,以上皆非或程式錯誤,D,資料結構,medium,,,,t是stack，p 是top+1 的位置。非 'x'壓入，否則從 t 中 pop 並印出(若非,"C程式,程式識讀,資料結構",True
C Q.011,"int s[15]={1,1,-3,3,4,-1,2,3,-5,2,1,-1};
int q[15],t=0, i;
for (i=0; i<12; i++) {
if (s[i] > 0) q[t++] = s[i];
else {
while (s[i] < 0 && t > 0) {
s[i] += q[--t];
}
}
}
int total = 0;
while (t>0) total += q[--t];
printf(""%d"", total);
輸出為何？",1,3,5,7,以上皆非或程式錯誤,C,資料結構,hard,,,,"用理解或直接追蹤皆可。q是 stack，碰到正數壓入，負數則一直 if (s[i] > 0) q[t++] = s[i]; 彈出抵銷，直到 q是空或抵消完畢。 問最後剩下stack 中的總和。在測 s[i] += q[--t]; 資中，-3消掉前面，-1 消掉3，- } 5 消(2,3)，-1消 1，最後stack 中剩下(3,2)","C程式,程式識讀,資料結構",True
C Q.012,"int a=3;
float f, x;
f = a/2 + 0.5;
x = a/4.0 + 0.5;
f與x的值為何？","f=2.0, x = 1.25","f=2.0, x = 0.5","f=1.5, x = 0.5","f=1.5, x = 1.25",以上皆非或程式錯誤,D,變數與運算,easy,,,,a/2 是 1，f=1.5；a/4.0=0.75，,"C程式,程式識讀,變數與運算",True
C Q.013,"int a=4,b=2;
char c,d;
c = 'a'+a;
d = 5;
b += d;
printf(""%c,%d\n"",c,b);
則輸出為何？","a,55","a,7","e,7","e,55",以上皆非或程式錯誤,C,變數與運算,easy,,,,'a'+4 是'a'之後 4 個，就是 'e'。char可以當整數 5+2=7。,"C程式,程式識讀,變數與運算",True
C Q.014,"int a=2,b=5,c=0;
if (a != 2)
if (b < 6) c = 1;
else c = 2;
執行後c的值為何？",0,1,2,不一定,以上皆非或程式錯誤,A,流程控制,easy,,,,else是跟第二個 if，格式無關。 所以什麼都沒執行，c=0,"C程式,程式識讀,流程控制",True
C Q.015,"int a = (10<3) || (4!=2+3);
int b = (a)? 7: 8;
int c = (b>7)? 1: 2;
執行後b,c的值為何？","b=7, c=1","b=7, c=2","b=8, c=1","b=8, c=2",以上皆非或程式錯誤,B,流程控制,easy,,,,三元運算，a 是true，b=7；c=2,"C程式,程式識讀,流程控制",True
C Q.016,"int a=2,b=0,c=0;
if ((b+1) && (a || b)) {
c = 1;
if ((a && !b) || (!a && b))
c = 2;
}
else c = 3;
執行後c的值為何？",0,1,2,3,以上皆非或程式錯誤,C,流程控制,easy,,,,非0 是true，第一個 if成立； c=1，第二個if也成立，c=2。,"C程式,程式識讀,流程控制",True
C Q.017,"char a[10]=""abcd 01"", b[10]=""xy pq rs"";
int i=0, j=0;
while (a[i] != '\0') i++;
while (b[j] != ' ') j++;
for (j++; b[j]!=' '; j++)
a[i++] = b[j];
a[i] = '\0';
printf(""%s"", a);
輸出為何？",abcd pq,abcd pqrs,abcd 01pqrs,abcd 01pq,以上皆非或程式錯誤,D,字串,medium,,,,'\0'是字串結尾符號，i 會找到 a 的字串尾端，j 先找到 b 的第一個空 while (b[j] != ' ') j++; 白，把下一個空白之前的抄錄到a的尾 端。,"C程式,程式識讀,字串",True
C Q.018,"char a[9]=""0x3f2"";
int t = 0;
for (int i=0; i<9 && a[i]; i++) {
if (a[i]>='0' && a[i]<='9')
t = t*10 + a[i]-'0';
}
printf(""%d"",t+10);
輸出為何？",1020,42,3210,60,以上皆非或程式錯誤,B,字串,medium,,,,將a 中數字取出轉成整數，0x只是幌 子。,"C程式,程式識讀,字串",True
C Q.019,"char a[] = ""fake"";
int b = a[3]-a[1];
char c = 'd' + b;
執行後b,c的內容為何？","b=5, c='i'","b=5, c='d'","b=4, c='h'","b=4, c='d'",以上皆非或程式錯誤,C,字串,easy,,,,index從0開始，'e'-'a'=4;,"C程式,程式識讀,字串",True
C Q.020,"char a[9]=""ab cde"",b[9];
int i=0,j;
while (a[i]) i++;
for (j=0, i--; i>=0; i--,j++)
b[j] = a[i];
b[j] = '\0';
printf(""%s"",b);
輸出為何？",edc ba,ba,ba edc,cde ab,以上皆非或程式錯誤,A,字串,medium,,,,將a反轉放入b,"C程式,程式識讀,字串",True
C Q.021,"struct mystruct {
int x,y;
} s1={1,3},s2={2,4};
s1.x = 0;
s2.y = s1.x+s1.y;
printf(""{%d,%d}, {%d,%d}"", s1.x, s1.y,
s2.x, s2.y);
輸出為何？","{0,0}, {2,0}","{1,3}, {2,4}","{0,3}, {2,4}","{0,3}, {2,3}",以上皆非或程式錯誤,D,資料結構,easy,,,,struct的用法與存取,"C程式,程式識讀,資料結構",True
C Q.022,"struct mystruct {
int x,y;
} s1={1,3},s2={1,4};
if (s1.x == s2.x)
s2 = s1;
printf(""%d %d"", s1.y, s2.y);
輸出為何？",3 3,4 4,3 4,4 3,以上皆非或程式錯誤,A,資料結構,easy,,,,struct 可以用=。,"C程式,程式識讀,資料結構",True
C Q.023,"struct mystruct {
int x[5];
} s1={{1,2,3,4,5}},s2;
s2 = s1;
s2.x[0] = 9;
printf(""%d %d"", s1.x[0], s2.x[0]);
輸出為何？",1 1,1 9,9 9,9 1,以上皆非或程式錯誤,B,資料結構,medium,,,,struct可以用 =運算，即使成員是 陣列。,"C程式,程式識讀,資料結構",True
C Q.024,"int a=1, b=5;
int *p, *q;
p = &a;
a += 2;
q = &b;
*q += *p;
printf(""%d %d"",*p, b);
輸出為何？",3 8,3 6,1 5,3 5,以上皆非或程式錯誤,A,指標,easy,,,,指標基本使用,"C程式,程式識讀,指標",True
C Q.025,"char a[9]=""python"", b[9]=""prog"";
b = a;
printf(""%s"", b);
輸出為何？",python,prog,pythonprog,(輸出空字串),以上皆非或程式有錯誤,E,字串,easy,,,,字串(字元陣列)無法指定新位置，編 譯會出現錯誤,"C程式,程式識讀,字串",True
C Q.026,"char a[9]=""python"", b[9]=""prog"";
b += a;
printf(""%s"", b);
輸出為何？",progpython,python,prog,pythonprog,以上皆非或程式錯誤,E,字串,easy,,,,陣列不可用b += a,"C程式,程式識讀,字串",True
C Q.027,"int a=0;
float b=1;
a = 1.2 + 10*3.5 + 1.95;
b = (1+3/2)*10.0;
if (b < 21) a += 10;
printf(""%d"", a);
輸出為何？",48,47,38,37,以上皆非或程式錯誤,A,變數與運算,medium,,,,"10*3.5會以float計算得到35.0， 因此計算加法十前後兩個都是浮點數，得到 b = (1+3/2)*10.0; 38.15，指定給a時再轉為整數 a=38。 printf(""%d"", a); 計算 b 時，(1+3/2)內部皆整數，所以得 到 2，再乘以 10.0時變成 20.0。因此if","C程式,程式識讀,變數與運算",True
C Q.028,"int a[5]={1},*p, s=0;
p = a;
for (int i=0; i<5; i++,p++) {
if (*p == 0) *p = -1;
s += *p;
}
printf(""%d %d"", s, a[2]);
則輸出為何？",5 1,5 0,-3 -1,-5 -1,以上皆非或程式錯誤,C,指標,easy,,,,陣列初始給值比較少，後面 的是 0，所以 a[1]到 a[4]都是 if (*p == 0) *p = -1; 0。 後面迴圈將陣列中的 0改成- 1，s 是陣列全部的值相加。陣列,"C程式,程式識讀,指標",True
C Q.029,"int w=5, s=0, a=-1;
if (s) {
if (w < 7) a = 0;
else a = 1;
} else if (0<w && w<7) {
a = (s)? 2: 3;
} else {
a = 4;
}
printf(""%d"", a%4);
輸出為何？",1,2,3,0,以上皆非或程式錯誤,C,流程控制,easy,,,,if 判斷，0 是false，故第一個if 不成立，第二個else if 成立，s==0所,"C程式,程式識讀,流程控制",True
C Q.030,"int a = 3;
char s='e';
if (2<a && a<5)
s += 2;
if (s == 'g')
a += 5;
else a = 0;
printf(""%d %c"", a, s);
輸出為何？",8 e,8 g,0 e,3 g,以上皆非或程式錯誤,B,流程控制,easy,,,,第一個 if 會成立，第 2 個 if 也成 立。,"C程式,程式識讀,流程控制",True
C Q.031,"int a=3, s=5;
if (2<a && a<5) {
s -= 4;
if (s == 2)
a += 5;
} else a = 0;
printf(""%d %d"", a,s);
輸出為何？",8 1,0 1,0 5,3 1,以上皆非或程式錯誤,D,流程控制,easy,,,,"else 是跟第一個 if，第一個 if 成 立，s=1，內部 if 不成立，所以 a=3,s=1","C程式,程式識讀,流程控制",True
C Q.032,"int t = 0, i;
for (i=0; i<10; i++) {
if (i%3 == 1)
t += 1;
}
printf(""%d"", t);
輸出為何？",0,3,4,10,以上皆非或程式錯誤,B,流程控制,easy,,,,"i=1,4,7時if成立，t加1三次","C程式,程式識讀,流程控制",True
C Q.033,"int t=0;
for (int i=0; i<100; i+=2) {
if (i%3 == 0)
t += i;
}
printf(""%d"", t);
輸出為何？",16,816,1683,4950,以上皆非或程式錯誤,B,流程控制,easy,,,,"i是0,2,4,..，3的倍數加起來，所","C程式,程式識讀,流程控制",True
C Q.034,"int t = 0,i;
for (i=0; i<10; i++) {
if (i%2==0) continue;
t += i;
if (t > 2*i) break;
}
printf(""%d %d"",t,i);
輸出為何？",10 4,45 10,16 7,25 9,以上皆非或程式錯誤,C,流程控制,medium,,,,"偶數跳過，(t,i)值的變化是(1 1); t += i; 離開迴圈","C程式,程式識讀,流程控制",True
C Q.035,"int t = 0,i;
for (i=0; i<10; t += i++);
t = (t%6 == 0)? t + 10: t + t;
printf(""%d"",t);
輸出為何？",45,55,90,110,以上皆非或程式錯誤,C,流程控制,easy,,,,"for的迴圈內是空指令，運算寫在for 指令內部，t每次會把i加進來，所以 t是 printf(""%d"",t); 45。三元運算(條件運算)，t%6==0 不成 輸出為何？ 立，所以進行 t+t指定給 t，結果是90。","C程式,程式識讀,流程控制",True
C Q.036,"int f(int a,int b,int c) {
if ( ? )
return 1;
else return 0;
}
此函數定義為：檢查以 a,b,c是否為直角三角形
的三邊長，其中已知c 為最大值。請問程式中的?
處填入下列何者最為合適？",(a^2 + b^2) == c^2,a^2 + b^2 == c^2,sqrt(a*a + b*b) == c,a*a + b*b == c*c,以上皆非,D,變數與運算,easy,,,,"平 方 可 以 寫 a*a ， a^2 是 exclusive or。(C)是不恰當的， else return 0; 因為把浮點數與整數做== 此函數定義為：檢查以 a,b,c是否為直角三角形","C程式,程式識讀,變數與運算",True
C Q.037,"int f(int a){
int i = 0;
while (a%10 == 0) {
i++;
? ;
}
return i;
}
此函數定義為： 保證傳入的 a是一個正整數，回
傳a的結尾有幾個0(十進制)，例如10300的結
尾有2個0。請問程式中的?處應填入下列何者？",a -= 10,a/10,a /= 10,a >> 1,以上皆非,C,程式理解,medium,,,,每次除以10。,"C程式,程式識讀,程式理解",True
C Q.038,"int t1 = 1, t2 = 1, s;
while (t2 <= 10000) {
?
}
printf(""%d"", t2);
費式數列的定義為：f(1)=f(2)=1，對 i>2，
f(i)=f(i-1)+f(i-2)。
此程式要計算第一個大於 10000的費式數，程式
中的?處應填入下列何者？",t1=t2; t2=t1+t2;,s=t2; t1=t2; t2=t1+t2;,s=t1; t1=t2; t2=s;,s=t1; t1=t2; t2=s+t1;,以上皆非,D,流程控制,medium,,,,t1=t2 後 t1 的值會不見，所 以先將t1暫存在s，再指定給 t2相 } 加。 費式數列的定義為：f(1)=f(2)=1，對 i>2，,"C程式,程式識讀,流程控制",True
C Q.039,"int t = 0, i;
for (i=0; i<10; i++) {
if (i%2 == 1)
i += 2;
t += i;
}
printf(""%d"", t);
輸出為何？",33,45,55,35,以上皆非或程式錯誤,A,流程控制,medium,,,,i=0，t=0； i=1 → 變3，t=3，迴圈尾 i++,"C程式,程式識讀,流程控制",True
C Q.040,"int t = 0;
while (t<20) {
if (t%2) t *= 2;
else t += 1;
}
printf(""%d"", t);
輸出為何？",0,20,30,32,以上皆非或程式錯誤,C,流程控制,medium,,,,t是奇數的話加倍，偶數加一，,"C程式,程式識讀,流程控制",True
C Q.041,"int t = 5;
while (t<20) {
t += t//2;
if (t%3 == 0)
break;
}
printf(""%d"",t);
輸出為何？",22,5,15,20,以上皆非或程式錯誤,C,流程控制,medium,,,,"t=5,7,10,15","C程式,程式識讀,流程控制",True
C Q.042,"int t = 208140759;
while (t > 9) {
int s = 0;
while (t) {
s += t%10;
t /= 10;
}
t = s;
}
printf(""%d"", t);
輸出為何？",0,9,6,3,以上皆非或程式錯誤,B,流程控制,medium,,,,每次將各個位數相加，直到剩下一位,"C程式,程式識讀,流程控制",True
C Q.043,"int t = 0, i, j;
for (i=0; i<10; i++) {
for (j=1; j<10; j+=2) {
if ((i+j)%5 == 0)
t++;
}
}
printf(""%d"", t);
輸出為何？",0,5,10,50,以上皆非或程式錯誤,C,流程控制,hard,,,,"j的變化是(1,3,5,7,9)， j%5=(1,3,0,2,4)也就是對於任何i， if ((i+j)%5 == 0) 恰有一個相加後為 5的倍數，所以答案是","C程式,程式識讀,流程控制",True
C Q.044,"int cnt = 0;
for (int t=9; t<50; t+=10) {
int flag=1;
for (int i=2; i<t; i++) {
if (t%i == 0)
flag = 0;
}
cnt += flag;
}
printf(""%d"", cnt);
輸出為何？",0,1,2,3,以上皆非或程式錯誤,C,流程控制,hard,,,,"迴圈內為檢驗t是否為質數的程 序，外面被檢測的(9, 19, 29, 39,","C程式,程式識讀,流程控制",True
C Q.045,"int k = 0, i;
for (i=1; i<20; i+=3) {
k += i;
for (i=0; i<3; i++) {
k -= i;
}
}
printf(""%d"", k);
輸出為何？",49,0,70,28,以上皆非或程式錯誤,E,流程控制,medium,,,,內迴圈誤用外迴圈的 i，所以會導致 無窮迴圈。,"C程式,程式識讀,流程控制",True
C Q.046,"int k = 0,i;
for (i=1; i<20; i+=3) {
k += i;
for (int i=0; i<3; i++) {
k -= i;
}
}
printf(""%d"", k);
輸出為何？",49,0,70,28,以上皆非或程式錯誤,A,流程控制,medium,,,,內迴圈的i是區域變數與外迴圈的 i 無關，內迴圈每次減去 3，k的值是1 + 4,"C程式,程式識讀,流程控制",True
C Q.047,"int a[9]={3,5,1,0,7,3,2,0,9};
int *p, s;
for (p=a; *p; p++);
for (s=0, p++; *p; p++)
s += *p;
printf(""%d"", s);
輸出為何？",9,21,12,30,以上皆非或程式錯誤,C,指標,medium,,,,"找到第一個0，從下一個開始加，直到 碰到第二個 0為止。也就是第一與第二個 0 for (s=0, p++; *p; p++) 之間的數字和。","C程式,程式識讀,指標",True
C Q.048,"若宣告為
int a[100], *p=a;
考慮以下指令：
(1) *p+1 = 5;
(2) *(p+1) = 5;
(3) p += 100; *p = 5;
(4) a += 3; *a = 5;
有幾組指令會導致錯誤或陣列超界？",0,1,2,3,4,D,指標,medium,,,,(1)(4)是錯的，(3)會超界。 考慮以下指令：,"C程式,程式識讀,指標",True
C Q.049,"int a[9]={2,-3,-1,6,0,3,5,6,8},t=0;
for (int i=0; i<9; i++) {
if (a[i] == 0) break;
if (a[i]%2) {
t *= 2;
} else {
t += 1;
}
}
printf(""%d"", t);
輸出為何？",4,5,42,50,以上皆非或程式錯誤,B,流程控制,medium,,,,偶數t加一，奇數t 乘2，遇到0離,"C程式,程式識讀,流程控制",True
C Q.050,"int a[3][4] = {{2,-3,-1}, {-3,3,4,6}};
int t = 0,i,j;
for (i=0,j=3; i<3; i++,j--) {
t += a[i][i]-a[i][j];
}
printf(""%d"", t);
輸出為何？",0,1,2,4,以上皆非或程式錯誤,B,陣列,easy,,,,對角線相加減去右上左下的 反對角線，陣列初始未給值的是 0。,"C程式,程式識讀,陣列",True
C Q.051,"int p[21] = {0},i,j,s=0;
for (i=2; i<21; i++) {
if (p[i]) continue;
s++;
for (j=i+i; j<21; j+= i) {
p[j] = 1;
}
}
printf(""%d"", s);
輸出為何？",8,9,10,11,以上皆非或程式錯誤,A,程式理解,medium,,,,"找質數，20 以內的質數個數(2, 3,","C程式,程式識讀,程式理解",True
C Q.052,"int a[8] = {8,3,1,5,0,7,4,2},i,j;
for (j=0; j<3; j++) {
for (i=1; i<8; i++) {
if (a[i-1] > a[i]) {
int t = a[i-1];
a[i-1] = a[i];
a[i] = t;
}
}
}
執行後a的內容為何？","[0,1,2,3,4,5,7,8]","[3,1,0,4,2,5,7,8]","[1,0,3,4,5,2,7,8]","[1,0,3,4,2,5,7,8]",以上皆非或程式錯誤,D,程式理解,medium,,,,此為bubble sort前三回合,"C程式,程式識讀,程式理解",True
C Q.053,"int a[4]={8,4,3,1}, b[3]={0,4,5},d[7];
int ai=3, di=0;
for (int bi=0; bi<3; bi++) {
while (ai>=0 && a[ai] <= b[bi])
d[di++] = a[ai--];
d[di++] = b[bi];
}
while (ai >= 0) d[di++] = a[ai--];
執行後d的內容為何？","[0,1,4,3,5,4,8]","[0,1,3,4,4,5,8]","[0,4,5,1,3,4,8]","[1,3,4,8,0,4,5]",以上皆非或程式錯誤,B,程式理解,medium,,,,a 是遞減，b 是遞增，合併成,"C程式,程式識讀,程式理解",True
C Q.054,"考慮下面的程式片段，
int a[4]=?, b[4]=?,d[8];
int ai=0, di=0;
for (int bi=0; bi<4; bi++) {
while (ai<4 && a[ai] <= b[bi])
d[di++] = a[ai++];
d[di++] = b[bi];
}
此程式是想要將 a,b 兩個遞增序列合併成一個遞
增序列d，但此程式有個錯誤，請問下列哪一組測
資放在第一行的?處，可以使得 d 不是想要的結
果？","a[4]={0,0,0,0}, b[4]={1,4,5,6}","a[4]={1,2,3,4}, b[4]={5,6,7,8}","a[4]={3,4,7,9}, b[4]={1,2,5,8}","a[4]={1,3,5,7}, b[4]={0,0,0,0}",以上皆非,C,程式理解,hard,,,,for之後漏了將 a的剩下部份 放進d的尾端 for (int bi=0; bi<4; bi++) { 所以a中>b[3]的部份沒有在 d中， 選項中只有(C)有此情形,"C程式,程式識讀,程式理解",True
C Q.055,"int a[4][2]={{-1,-2},{1,2},{5,-4},{-3,1}};
int d[10],i,j,k=0;
for (i=0; i<4; i++) {
for (j=0; j<2; j++) {
if (a[i][j] < 0) continue;
d[k++] = a[i][j];
}
}
printf(""%d %d %d"", k,d[1],d[3]);
輸出為何？",8 -1 1,4 2 1,4 -2 -3,4 1 5,以上皆非或程式錯誤,B,陣列,medium,,,,每個以 row-major 方式將非 負元素放進d，k是 d中元素個數。,"C程式,程式識讀,陣列",True
C Q.056,"int a[8]={4,3,6,5,0,8,9,2};
int t1=-1, t2=-1;
for (int i=0; i<8; i++) {
if (a[i]%2) continue;
if (a[i] > t1) {
t2 = t1; t1 = a[i];
} else if (a[i] > t2) {
t2 = a[i];
}
}
printf(""%d %d"", t1,t2);

輸出為何？",9 8,6 4,8 6,8 4,以上皆非或程式錯誤,C,程式理解,medium,,,,"找第二大偶數。t1,t2是存最 大與第二大偶數","C程式,程式識讀,程式理解",True
C Q.057,"int a[4] = {1,2,3,4}, c[4];
int *b = a;
for (int i=0; i<4; i++)
c[i] = a[3-i];
b[1] = 0;
printf(""%d %d %d"", a[1],b[1],c[1]);
輸出為何？",0 0 3,2 0 3,0 0 2,1 2 2,以上皆非或程式錯誤,A,指標,medium,,,,"a,b 指向同一陣列，c 是被複 製出來a的反轉。","C程式,程式識讀,指標",True
C Q.058,"int k = ?, a[7]={3,1,4,7,2,6,5}, t[7],i;
for (i=0; i<k; i++) t[i]=a[i];
for (i=k; i<7; i++) a[i-k] = a[i];
for (i=0; i<k; i++) a[7-k+i] = t[i];
以下選項中 k 的初值與執行後 a 陣列的內容的敘述何
者正確？","若k=0，則a={3,5,1,6,4,2,7}","若k=2，則a={4,3,1,7,2,6,5}","若k=4，則a={2,6,5,7,4,1,3}","若k=5，則a={6,5,3,1,4,7,2}",以上皆非或程式錯誤,D,陣列,hard,,,,把a看成環狀，向左旋轉k 格。 以下選項中 k 的初值與執行後 a 陣列的內容的敘述何,"C程式,程式識讀,陣列",True
C Q.059,"int total=0, imax=0, i;
for (i=0; i<16; i++) {
int cnt=0, j=i;
while (j > 0) {
if (j&1) cnt++;
j >>= 1;
}
if (cnt > imax) imax = cnt;
total += cnt;
}
printf(""%d %d"", imax, total);
輸出為何？",5 30,4 30,4 32,4 34,以上皆非或程式錯誤,C,位元運算,hard,,,,"迴圈內是計算二進位表示時1-bit的 個數，imax 是最大，所以是 4 (i=15, while (j > 0) { 1111)，total要計算 1-bit總數，每個 bit 剛好有一半是 1，所以 total =","C程式,程式識讀,位元運算",True
C Q.060,"int a = (10 << 3);
int b = (a&(a-1));
printf(""%d"", a-b);
輸出為何？",0,16,32,64,以上皆非或程式錯誤,B,位元運算,hard,,,,由二進位表示法去看,"C程式,程式識讀,位元運算",True
C Q.061,"int k = 0b?
int a[8] = {8,3,1,5,0,7,4,2},t = 0;
for (int i=0; i<8; i++) {
if (k & (1<<i))
t += a[i];
}
printf(""%d"", t);
註： 0b是二進位表示的意思，例如0b1101 就是十
進制整數13。
以下選項中k 的初值與輸出的敘述何者錯誤？",若k=0b00000101，則輸出為 9,若k=0b10100010，則輸出為 12,若k=0b10000001，則輸出為 10,若k=0b00110000，則輸出為 6,以上皆無錯誤或程式錯誤,D,位元運算,medium,,,,k的二進位表示中 1-bit的位 置就是a中要被加入總和的元素，例 意高位元與低位元的位置,"C程式,程式識讀,位元運算",True
C Q.062,"int chk(char s[], int n) {
for (int i=0,j=n-1; i<j; i++,j--) {
if (s[i] != s[j])
return 0;
}
return 1;
}
以下選項中的函數呼叫與回傳值的敘述何者錯
誤？","chk(""xxarx"",5)回傳1","chk(""a"",1)回傳 1","chk(""abba"",4)回傳1","chk(""abab"",4)回傳0",以上皆無錯誤或程式錯誤,A,字串,medium,,,,此函數判斷字串是否為迴文,"C程式,程式識讀,字串",True
C Q.063,"char chk(char *s, char *t) {
for ( ; *s; s++,t++) {
if (*s != *t)
return *s;
}
return '?';
}
以下程式
char p=chk(""axarc"",""axabc""),
q=chk(""qwerty"",""qwer""),
r=chk(""ds"",""dst"");
printf(""%c%c%c"",p,q,r);
輸出為何？",ats,a?s,r??,rt?,以上皆非或程式錯誤,D,字串,medium,,,,回傳s中第一個與 t中不同的 字元，若找不到，回傳?,"C程式,程式識讀,字串",True
C Q.064,"int a = 3;
int f(int k) {
int a = 4;
k += 2;
return a+k;
}
int main() {
int b = 1, c = f(b)+a;
printf(""%d %d"", b,c);
return 0;
}
輸出為何？",3 11,1 10,1 11,3 10,以上皆非或程式錯誤,B,函式,easy,,,,"a,b 值不會改變，副程式內的 a是區域變數","C程式,程式識讀,函式",True
C Q.065,"int a = 3;
int f(int *k) {
a = 4;
*k += 2;
return a+(*k);
}
int main() {
int b = 1;
int c = f(&b)+a;
printf(""%d %d"", b,c);
return 0;
}
輸出為何？",1 11,1 10,3 10,3 11,以上皆非或程式錯誤,D,函式,medium,,,,"函數內的a是全域變數，*k是 傳址變數會變動，呼叫後 a=4,","C程式,程式識讀,函式",True
C Q.066,"int a = 3, b = 1;
int f(int a) {
a += 2;
b = 4;
return a+b;
}
int main() {
int a=5;
int c = f(b)+a;
printf(""%d %d"", b,c);
return 0;
}
輸出為何？",1 14,4 14,4 12,1 12,以上皆非或程式錯誤,C,函式,medium,,,,函數f內的a 是參數，算是區 域變數，傳進來是 b=1，所以 a+=2 b = 4; 變成3，函數f 內b 是全域變數，值 改成 4。回傳 7。main 中的 a 是區 int main() { 域變數，值是 5，所以 c=12。全域 int a=5; 的b值在f中改成 4,"C程式,程式識讀,函式",True
C Q.067,"int f(int p, int q[]) {
p += 2;
q[0] = 0;
return p+q[0]+q[1];
}
int main() {
int a=3, b[3] = {1,2,0};
int d = f(a,b+1);
printf(""%d %d %d"",a,d,b[0]+b[1]);
return 0;
}
輸出為何？",5 7 2,3 7 2,3 5 1,3 7 1,以上皆非或程式錯誤,C,資料結構,medium,,,,"傳進來p=3，q的位置是b[1]， 所以b[1]被改成0，回傳5+0+0=5， return p+q[0]+q[1]; a值不會改變，b改成[1,0,0]。","C程式,程式識讀,資料結構",True
C Q.068,"char *f(char t[], char *s, int k) {
int i, j=0;
for (i=0; i<k; i++) {
for ( ? )
t[j] = *p;
}
t[j] = '\0';
return t;
}
此函數將字串複製 k 次放在 t，例如呼叫
f(t,""tle"",2)後 t 的內容會是""tletle""。程
式中for迴圈的?部份應該填入下列何者？",j=0; j<n; j++,"char *p=s; *p; p++,j++","char p=*s; p!='\0'; p++,j++",char *p=s; *p; p++,以上皆非或程式錯誤,B,字串,medium,,,,內迴圈在複製一次 s，而 j 是 複製寫入的位置，每次回圈不重置j。 for ( ? ) 此處的寫法是用指標歷遍 s。,"C程式,程式識讀,字串",True
C Q.069,"int f(char s[]) {
int cnt[26]={0}, imax=0;
for (char *p=s; *p; p++) {
if (*p<'a' || *p>'z')
return -1;
cnt[*p - 'a']++;
}
for (int i=0; i<26; i++) {
if (cnt[i]>imax) imax = cnt[i];
}
return imax;
}
以下選項中傳入值s 與回傳值的敘述何者錯誤？","f(""xxBarx"")回傳-1","f(""abccbac"")回傳 3","f(""waxyz"")回傳 1","f(""aaaaabbbb"")回傳5",以上皆無錯誤或程式錯誤,E,字串,medium,,,,函數計算最多出現的字母次 數，若有非小寫字母回傳-1。選項皆,"C程式,程式識讀,字串",True
C Q.070,"int g(int x, int y) {
if (y == 0) return x;
if (x >= y) return g(x-y,y);
return g(y,x);
}
以下程式
int a[4]={3,5,12,18},ans = 0;
for (int i=0; i<3; i++) {
ans += g(a[i],a[i+1]);
}
printf(""%d"", ans);
輸出為何？",3,8,10,12,以上皆非或程式錯誤,B,遞迴,hard,,,,"此函數為 gcd，a 中相鄰數的 gcd分別是1,1,6，總和 8","C程式,程式識讀,遞迴",True
C Q.071,"int g(int x, int y) {
if (x < 2) return y;
return g(x-2,y+1);
}
以下程式
int a[4]={1,5,20,8}, b[4]={3,1,20,0};
int ans=0;
for (int i=0; i<4; i++)
ans += g(a[i],b[i]);
printf(""%d"", ans);
輸出為何？",40,45,52,58,以上皆非或程式錯誤,A,遞迴,medium,,,,推理函數所做的運算，每次 x- 2，y+1，(皆非負)，所以此函數回傳 以下程式,"C程式,程式識讀,遞迴",True
C Q.072,"int g(int x, int y) {
int t = 0;
while (x > 1 && y > 0) {
t++; x -= 2; y--;
}
return t;
}
以下程式
int a[4]={1,5,20,9}, b[4]={3,1,11,4};
int ans=0;
for (int i=0; i<4; i++)
ans += g(a[i],b[i]);
printf(""%d"", ans);
輸出為何？",17,16,15,14,以上皆非或程式錯誤,C,函式,medium,,,,"每次x-2，y-1，(皆非負)所以 函數回傳是min(x/2,y) 以下程式","C程式,程式識讀,函式",True
C Q.073,"int g(int d) {
if (d%2 == 0) return f(d/2)+1;
return f(d);
}
int f(int d) {
if (d == 1) return 0;
if (d%2) return g(3*d+1)+1;
return g(d);
}
若ans = f(1)+f(2)+f(3)+f(4)，則ans 的
值為何？",7,8,9,10,以上皆非或程式錯誤,D,遞迴,hard,,,,此函數是3n+1，即偶數除以 2 奇數變 3n+1，回傳經過幾回合變成 } 1，輸入3時,"C程式,程式識讀,遞迴",True
C Q.074,"int g(int d[], int n) {
int t=0;
for (int i=0; i<n; i++) {
t += d[i];
d[i] = i;
}
return t;
}
以下程式
int *p;
int x=g(p, 10);
printf(""%d %d"", x,p[3]);
輸出為何？",0 3,0 0,45 3,45 0,以上皆非或程式錯誤,E,指標,medium,,,,指標p未初始化記憶體，存取 d[i]是未定義行為，屬於程式錯誤。,"C程式,程式識讀,指標",True
C Q.075,"void g(int s[], int le, int ri) {
if (le >= ri) return;
for (int i=le+1; i<ri; i++) {
if (s[i] > s[le]) le = i;
}
printf(""%d "", s[le]);
g(s, le+1, ri);
}
以下程式
int a[9]={5,2,9,4,5,6,3,4,1};
g(a, 0, 9);
輸出為何？",9 5 6,9 6 4 1,9 5 6 1,9 6 3 4 1,以上皆非或程式錯誤,B,遞迴,medium,,,,"函數參數le與ri是範圍(左閉 右開區間)，找最大值印出，然後遞 if (s[i] > s[le]) le = i; 迴右邊的區間。 printf(""%d "", s[le]); 對此輸入，先找到9，然後9的右邊 最大是6，然後是4，最後是1。 以下程式","C程式,程式識讀,遞迴",True
C Q.076,"int a[11]={3,4,1,5,2,4,2,6,9,7,8};
int s[11],t=-1,i;
for (i=0; i<11; i++) {
while (t>=0 && s[t]>=a[i])
t--;
s[++t] = a[i];
}
while (t >= 0)
printf(""%d "", s[t--]);
輸出為何？",8 7 6 5 4 3,8 7 6 4 2 1,8 7 6 2 1,8 7 6 2 2 1,以上皆非或程式錯誤,C,資料結構,medium,,,,s是一個stack，t是top的 index，s 中維護遞增子序列(無等 while (t>=0 && s[t]>=a[i]) 號)。輸出時反序輸出,"C程式,程式識讀,資料結構",True
C Q.077,"int a[9] = ? ;
int t = 0;
for (int i=0; i<9; i++) {
if (a[i]>t || a[i]<-t)
t = a[i];
}
printf(""%d"", t);
則程式中?的部分為以下選項與其輸出的敘述何者
錯誤？","?為{1,2,3,4,5,6,9,8,7}時輸出9","?為{3,2,-4,-5,1,2,3,0,-5}時輸出-5","?為{5,-2,3,-6,0,-4,1,2,-3}時輸出-4","?為{1,0,0,-4,2,1,-7,2,0}時輸出2",以上皆無誤,C,函式,hard,,,,"絕對值大的會變成 t，但如果 t 是負值，下一個任何值都會取代 if (a[i]>t || a[i]<-t) 它，也等同於：找絕對值最大的，如 果是正數，就是它，否則遞迴右邊。 printf(""%d"", t); (C)的輸出是-3 則程式中?的部分為以下選項與其輸出的敘述何者","C程式,程式識讀,函式",True
C Q.078,"int a[7] = {3,1,6,4,9,5,7}, n=7, s=0;
for (int i=0; i<n; i++) {
s += (a[i] > a[i+1])? a[i] : a[i+1];
}
printf(""%d"", s);
輸出為何？",35,40,50,47,以上皆非或程式錯誤,E,陣列,medium,,,,將相鄰兩個降大的加起來，但i範 圍寫錯，會out of range。 應該寫i<n-1。,"C程式,程式識讀,陣列",True
C Q.079,"int a[8]={1,2,4,4,5,7,7,8};
int f(int v) {
int i = 0;
while (a[i] < v)
i++;
return i;
}
以下選項中，v 與回傳值的敘述何者錯誤？",f(0)回傳0,f(6)回傳5,f(4)回傳2,f(9)回傳8,以上皆無錯誤,D,程式理解,medium,,,,while迴圈i 的上限忘記寫， v=9時會陣列超界， 程式錯誤。,"C程式,程式識讀,程式理解",True
C Q.080,"int s[9] = ? ;
int f(int le, int ri) {
for (int i=le+1; i<ri; i++) {
if (abs(s[i]) > abs(s[le]))
le = i;
}
if (s[le] >= 0 || le+1==ri)
return s[le];
return f(le+1,ri);
}
考慮f(0,9)呼叫此函數，以下選項中 s 的初值與對
應的回傳值何者錯誤？","?為{1,2,3,4,5,6,9,8,7}時回傳9","?為{3,2,-4,-5,1,2,3,0,-5}時回傳-5","?為{5,-2,3,-6,0,-4,1,2,-3}時回傳-4","?為{1,0,0,-4,2,1,-7,2,0}時回傳2",以上皆無誤,C,遞迴,hard,,,,"區間[le,ri)，找絕對值最 大的，如果是正數或者右邊已經沒 if (abs(s[i]) > abs(s[le])) 有，答案就是它，否則遞迴右邊。","C程式,程式識讀,遞迴",True
C Q.081,"int a;
int main() {
int b, c[5]={-1};
printf(""%d %d %d"", a, b, c[2]);
return 0;
}
對於輸出a,b,c[2]的值，下列敘述何者正確？",a=0，b=0，c[2]= -1,a與b 的值不一定，c[2]= -1,a與b 的值不一定，c[2]= 0,a=0，b 的值不一定，c[2]= 0,a，b，c[2]的值皆不一定,D,程式理解,hard,,,,全域變數 a 會初始為 0，區域 變數b沒有初值則值不一定，陣列 c,"C程式,程式識讀,程式理解",True
C Q.082,"int chk(char *s) {
int i=0, j, cost=0;
for (j=0; s[j]; j++);
j--;
while (i < j) {
if (s[i] != s[j]) {
cost += (s[i]<s[j])? s[i]: s[j];
cost -= '0';
}
i++; j--;
}
return cost;
}
以chk(""93010307435"")呼叫的回傳值為何？",6,8,9,12,以上皆非或程式錯誤,A,函式,medium,,,,此函數找左右對稱位置不相等 字元，也就是第i 個與倒數第 i個不 j--; 同時加上較小的數值。答案是 5+0+1,"C程式,程式識讀,函式",True
C Q.083,"int idx[4] = {3,0,5,1},
p[5] = {5,4,3,2,1}, total = 0;
for (int i=0; i<4; i++) {
if (p[idx[i]]<5 && idx[i]<5)
total += p[idx[i]];
}
printf(""%d"", total);
輸出為何？",11,6,15,4,以上皆非或程式錯誤,E,流程控制,hard,,,,想要將idx所指位置的值小於5的 相加，答案與說明：預期是 4+2=6，但if if (p[idx[i]]<5 && idx[i]<5) 的short-circuit 保護寫反了，會產 生index out of range的錯誤。,"C程式,程式識讀,流程控制",True
C Q.084,"int a[5]={3,1,2,0,5},p=12,cnt=0;
for (int i=0; i<5; i++) {
if ((p%a[i]==0) && (a[i]!=0)) {
cnt++;
}
}
printf(""%d"", cnt);
輸出為何？",0,1,2,3,以上皆非或程式錯誤,E,流程控制,medium,,,,想要計算p的倍數有幾個，預期有 三個，但 if 的兩條件寫反了，沒有 cnt++; short-circuit 保護，產生除以 0 取 餘數的 程式錯誤,"C程式,程式識讀,流程控制",True
C Q.085,"int a[8]={0,1,4,2,0,-3,2,0},p=3;
while (1) {
if (a[p]==0 || p<0 || p>=8)
break;
p += a[p];
}
printf(""%d"", p);
輸出為何？",0,4,7,8,以上皆非或程式錯誤,E,流程控制,medium,,,,每次前進a[p]距離，負值為倒退， 直到碰到 0 或者出界，if 的條件寫反 break; 了，沒有short-circuit 保護，會對 a[8]取值，超界， 程式錯誤,"C程式,程式識讀,流程控制",True
C Q.086,"int a[11]={0,-1,4,2,0,-3,-2,5,1,-8,-3};
int f(int i) {
while (0<=i && i<11) {
if (a[i]==0) return i;
i += a[i];
}
return -1;
}
則 f(1),f(3),f(8),f(10)回傳值依序為
何？","0,4,-1,-1","0,4,0,-1","1,-1,4,-1","0,-1,0,-1",以上皆非或程式錯誤,B,陣列,medium,,,,"每次前進a[i]距離，負值為倒退， 直到碰到 0 或者出界，出界回傳-1，否 if (a[i]==0) return i; 則回傳停下來的位置 } 每一格走過了之後，下次再走到不必重複 走，可以很快的用紙筆模擬答案與說明： 則 f(1),f(3),f(8),f(10)回傳值依序為","C程式,程式識讀,陣列",True
C Q.087,"int a[8]={0,1,2,3,4,5,6,7},p[8],j=0;
for (int i=0; i<8; i+=2)
p[j++] = a[i];
for (int i=7; i>=0; i-=2)
p[j++] = a[i];
執行後p的內容為何？[]用來表示陣列。","[0,2,4,6,7,5,3,1]","[0,1,2,3,4,5,6,7]","[0,2,4,6,1,3,5,7]","[0,1,2,3,7,6,5,4]",以上皆非或程式錯誤,A,陣列,easy,,,,j每次加一，是一一填入 p 中。,"C程式,程式識讀,陣列",True
C Q.088,"int a[3][2]={{0,1},{2,3},{4,5}},*p=a;
*(p+4) = 9;
*(p+2) = 7;
for (int i=0; i<3; i++)
printf(""%d %d "", a[i][0],a[i][1]);
輸出為何？",0 1 2 3 4 5,0 1 2 9 7 5,0 1 7 3 9 5,0 1 2 3 7 9,以上皆非或程式錯誤,C,陣列,medium,,,,二維陣列以row major 方式儲存， 所以第 4 個位置是 a[2][0]也就是原來 for (int i=0; i<3; i++) 存 4的位置，而第2 個位置就是存 2的位 置。,"C程式,程式識讀,陣列",True
C Q.089,"void f(char *p, char *q) {
for ( ; *q; p++,q++) *p = *q;
*p = '\0';
}
若函數f定義如上，則以下程式的輸出為何？
char a[3][6]={""wa"",""tle"",""ac""};
for (int i=0; i<3; i++)
f(a[i]+2, ""Omg"");
printf(""%s %s %s"",a[0],a[1],a[2]);",waOmg tlOmg acOmg,Omg Omg Omg,waOmg tleOmg acOmg,Omgwa Omgtl Omgac,以上皆非或程式錯誤,A,字串,medium,,,,f 是類似 strcpy 字串複製， 程式中在每個字串+2 的位置複製,"C程式,程式識讀,字串",True
C Q.090,"int f(char *s) {
int r = 0;
for ( ; *s; s++) {
if (*s < '0' || *s>'9') continue;
r = r*10+(*s-'0');
}
return r;
}
f(""3,100,254"")+f(""3e5"")的回傳為何？",3400254,289,310025435,3100289,以上皆非或程式錯誤,D,字串,medium,,,,函數f將傳入字串中的數字轉 成整數，答案是3100254+35,"C程式,程式識讀,字串",True
C Q.091,"char a[10]=""127037265"", n=9;
for (int i=0; i<n; i++)
a[i] -= '0';
while (n > 1) {
int j=0;
for (int i=0; i<n; i+=2) {
int p=a[i];
if (i+1 < n) p += a[i+1];
if (p < 10) a[j++] = p;
else {
a[j++] = 1; a[j++] = p-10;
}
}
n = j;
}
printf(""%d"", a[0]);
輸出為何？",4,6,7,8,以上皆非或程式錯誤,B,字串,hard,,,,每 2 位切成一個數字，個位與 十位相加寫下來，重複此步驟直到剩 注意不會奇數位數不會 error,"C程式,程式識讀,字串",True
C Q.092,"int g(int a) {
int r=0;
while (a) {
r = r*10+a%10;
a /= 10;
}
return r;
}
int f(int a) {
while (1) {
int b = g(a);
if (a == b) return a;
a += b;
}
}
若函數g與f定義如上，則 f(2371),
f(932), f(1221)回傳值依序為何？","7117, 1441, 1221","6226, 2822, 3553","7117, 2882, 1221","6226, 1441, 3553",以上皆非或程式錯誤,C,字串,hard,,,,函數 g 是將整數反轉，f 則是 reverse and add: 將整數反轉 r = r*10+a%10; 後與原數相加，直到成為迴文數字。,"C程式,程式識讀,字串",True
C Q.093,"char a[4][5]={""1110"",""1010"",""0011"",""1110""};
char w[7],j=0;
for (int i=0; i<4; i++)
w[j++] = a[i][i];
w[j] = '\0';
printf(""%s"", w);
輸出為何？",1110,1010,0101,1101,以上皆非或程式錯誤,B,陣列,medium,,,,對角線串接,"C程式,程式識讀,陣列",True
C Q.094,"char a[3][5]={""abcd"",""pqrs"",""1234""};
char s[20];
int k=0;
for (int i=0; i<4; i++) {
for (int j=0; j<3; j++) {
s[k++] = a[j][i];
}
}
s[k] = '\0';
printf(""%s"", s);
輸出為何？",abcdpqrs1234,aaaapppp1111,aq3br4cs1dp2,ap1bq2cr3ds4,以上皆非或程式錯誤,D,陣列,medium,,,,依照 column major 串接字 串。,"C程式,程式識讀,陣列",True
C Q.095,"char *f(char *s, char d, char *t){
int i=0;
while (*s && *s!=d) {
*t = *s;
t++, s++;
}
*t = '\0';
return (*s)? s+1: NULL;
}
以下程式
char a[20]=""13/1,4/;/xy"", w[9][9];
char *p = a;
int i=0
while (p) {
p = f(p,'/',w[i++]);
}
for (i--; i>=0; i--)
printf(""%s"", w[i]);
輸出為何？",1314xy,"131,4;xy","xy;1,413","yx;4,131",以上皆非或程式錯誤,C,指標,hard,,,,將s字串以d 為間隔切斷依序 存在w中，再反順序印出 w中字串,"C程式,程式識讀,指標",True
C Q.096,"char a[4][11]={""0110001101"",
""1011101101"",
""1101110111"",
""1100100010""};
int f(int i,int j) {
if (a[i][j] == '0') return 0;
a[i][j] = '0';
int cnt = 1;
int dr[4]={0,1,0,-1}, dc[4]={1,0,-1,0};
for (int d=0; d<4; d++) {
int r=i+dr[d], c=j+dc[d];
if (r<0 || r>3 || c<0 ||c >9) continue;
cnt += f(r,c);
}
return cnt;
}
則依序呼叫 f(1,3),f(0,3),f(2,9),f(0,2)的回傳
值分別為何？",9 1 9 9,10 0 5 0,9 0 10 9,9 0 10 0,以上皆非或程式錯誤,D,遞迴,hard,,,,"很標準的 DFS寫法，以 上下左右為聯通，計算連通 ""1100100010""}; 區塊的大小，DFS。留意走過 的會改成0，所以在 f(1,3) if (a[i][j] == '0') return 0; 之後再呼叫 f(0,2)會變成 int r=i+dr[d], c=j+dc[d]; 用字串且對齊位置，讓人眼","C程式,程式識讀,遞迴",True
C Q.097,"int a[9]={3,4,2,7,0,8,1,3,2};
void f(int le, int ri) {
if (le >= ri) return;
int p = le;
for (int i=le+1; i<ri; i++) {
if (a[i] < a[p]) p = i;
}
printf(""%d "", a[p]);
f(le, p);
f(p+1, ri);
}
以f(0,9)呼叫的輸出為何？",0 1 2 2 3 3 4 7 8,0 2 3 4 7 1 8 2 3,0 2 3 4 7 1 2 3 8,0 2 3 4 7 1 8 3 2,以上皆非或程式錯誤,B,遞迴,hard,,,,分治的標準型，找最小值放在 前面，分左右遞迴,"C程式,程式識讀,遞迴",True
C Q.098,"int a[8]={0,3,6,9,12,15,18,20};
int b(int x):
int le=0, ri=7;
while (le < ri) {
int mid = (le+ri)/2;
if (x == a[mid]) return mid;
if (x < a[mid])
ri = mid-1;
else
le = mid;
}
return le;
}
以下呼叫與結果何者錯誤？",b(-1)回傳0,b(5)回傳2,b(18)回傳6,b(30)程式不會正常結束,以上選項皆無錯誤,B,程式理解,hard,,,,"寫壞的二分搜，只有在 a中或 <0會正確回傳第一個≥x的位置，其 while (le < ri) { 他會導致無窮迴圈 行le = mid，因此 le,ri並無改 變","C程式,程式識讀,程式理解",True
C Q.099,"float low=1.0, up=2.0, x=2.0;
float eps = 0.0001;
int cnt = 0;
while (up - low > eps) {
cnt++;
float mid = (low+up)/2;
if (mid*mid > x)
up = mid;
else low = mid;
}
printf(""%f, %d"", low,cnt);
此程式計算根號 2 的近似值，其中 cnt 的值是迴
圈的次數，也表示程式的效率。cnt最後輸出的值
在下列何範圍？",0 ~ 50,51 ~ 100,101 ~ 500,501 ~ 1000,1000以上,A,時間複雜度,medium,,,,二分搜，區間不超過 10000， 次數大約14次2^14>10000,"C程式,程式識讀,時間複雜度",True
C Q.100,"int a=0,i,j;
for (i=0; i<n; i++) {
for (j=0; j<m; j++)
a += i+j;
}
此程式片段的時間複雜度以 m,n 表示為下列何
者？",O(m+n),O(mn),O(m/n),O(m2+n2),以上皆非,B,時間複雜度,easy,,,,雙迴圈執行次數,"C程式,程式識讀,時間複雜度",True
C Q.101,"int len(char s[]) {
int i=0;
while (s[i]!='\0') i++;
return i;
}
char a[N],b[N]; // 假設N已經定義且足夠大
scanf(""%s"", a);
for (int i=0; i<len(a); i++) {
b[i] = a[i];
}

若輸入字串 a 的長度是 n，此程式片段的時間複
雜度以n表示為下列何者？",O(n),O(nlog(n)),O(n2),O(n3),以上皆非,C,時間複雜度,medium,,,,"在沒有編譯器優化的狀況下， 每次回圈都會呼叫一次 len，所以每 char a[N],b[N]; // 假設N已經定義且足夠大","C程式,程式識讀,時間複雜度",True
C Q.102,"int f(int a[], int i, int v) {
if (i < 0) return abs(v-100);
int x = f(a,i-1,v+a[i]);
int y = f(a,i-1,v);
return (x<y)? x: y;
}
以f(a,n-1,0)呼叫此函數，其中 n是陣列a 的
長度，則worst case 時間複雜度以n表示為下
列何者？",O(n),O(n2),O(n!),O(2n),以上皆非,D,時間複雜度,medium,,,,暴搜子集合，找所有子集合的 和與100的最小差距。,"C程式,程式識讀,時間複雜度",True
C Q.103,"int f(int k) {
for (int i=0; i<k; i++) {
if (i*i > k)
return i;
}
}
int p = 0;
for (int i=0; i<n; i++) {
p += f(i);
}
此程式的worst case 時間複雜度以n表示為下
列何者？",O(n3/2),O(nlog(n)),O(n1/2),O(n2),以上皆非,A,時間複雜度,hard,,,,f(k)的時間是根號 k，(根號 1+根號2+…根號n) = O(n^1.5),"C程式,程式識讀,時間複雜度",True
C Q.104,"int f(int p, int q) {
if (q < p+5) return (p+q)/2;
int s = 0;
for (int i=p; i<q; i++) {
s += i;
}
int m = (p+q)/2;
return f(p,m)+f(m,q)+s;
}
以f(0,n)呼叫此函數，則 worst case時間複
雜度為下列何者？",O(2n),O(nlog(n)),O(n),O(n2),以上皆非,B,時間複雜度,hard,,,,"每次處理的區間[p,q)，區間 長度n=q-p，則此為分治，時間複 return f(p,m)+f(m,q)+s; 雜度不是返回的數值。 以f(0,n)呼叫此函數，則 worst case時間複","C程式,程式識讀,時間複雜度",True
C Q.105,"int s = 0;
for (int i=1; i<n; i++) {
for (int j=i; j<n; j+=i) {
s++;
}
}
printf(""%d"", s);
此程式片段的時間複雜度以 n 表示，則下列何者
為最準確的表示式？",O(n),O(nlog(n)),O(n2),O(n3),以上皆非,B,時間複雜度,hard,,,,for (int i=1; i<n; i++) { n(1+1/2+1/3+1/4…) = O(nlog(n)),"C程式,程式識讀,時間複雜度",True
C Q.106,"int f(int a[], int p, int q) {
int t=0;
for (int i=p; i<q; i++)
t += a[i];
return t;
}
s = 0;
for (i=0; i<n; i++) {
for (j=i+1; j<n; j++) {
s += f(a,i,j);
}
}
a是一個整數陣列，此程式片段的時間複雜度以 a
的長度n表示，則下列何者為最準確的表示式？",O(n),O(nlog(n)),O(n2),O(n3),以上皆非,D,時間複雜度,hard,,,,"f(a,p,q)的時間是 O(q- p)，也就是區間長度，因為長度 i t += a[i]; 的區間有n-i 個，所以總時間是 i*(n-i)= O(n3)。(省略次要項","C程式,程式識讀,時間複雜度",True
C Q.107,"int f(int a[], int n, int x) {
int p = n/2, q = 0;
while (p > 0) {
if (q+p<n && a[q+p] < x)
q += p;
p /= 2;
}
return q;
}
此函數被呼叫時，傳入的 a 是一個長度 n 的整數
陣列，而x是一個整數。此函數的時間複雜度以 a
的長度 n 來表示的話，則下列何者為其 worst
case時間複雜度？",O(1),O(log(n)),O(n),O(nlog(n)),以上皆非,B,時間複雜度,medium,,,,p每次減半，log(n)次之後變 成 0，迴圈內為 O(1)，故複雜度為 p /= 2; 此程式未必是執行二分搜，但只要看 時間複雜度，while 內是 O(1)，p 每次折半。 此函數被呼叫時，傳入的 a 是一個長度 n 的整數 陣列，而x是一個整數。此函數的時間複雜度以 a,"C程式,程式識讀,時間複雜度",True
C Q.108,"int f(char *a, char *b, int m, int n) {
for (int i=0; i<( q1 ); i++) {
if (a[i] < b[i]) return 1;
if (a[i] > b[i]) return 0;
}
return q2 ;
}
函數f定義為：m與n分別是字串a與b 的長度，
當a字串的「字典序」小於 b字串時回傳 1(或非
0整數)，請問程式中的 q1與q2為下列何者時可
以符合定義？","q1: (m<n)?m:n, q2: (a[i]<b[i])","q1: (m<n)?m:n, q2: (m<n)","q1: (m<n)?n:m, q2: (a[i]<b[i])","q1: (m<n)?n:m, q2: 0",以上皆非,B,程式理解,medium,,,,"迴圈比較到min(m,n)，若未分 大小，a比較短的時候回傳 1","C程式,程式識讀,程式理解",True
C Q.109,"// ensure len(a)==len(b)
int small(char *a, char *b, int n) {
int i = 0;
while (i<n && a[i]==b[i])
i++;
return ( ? );
}
此函數定義為： a 字串的「字典序」小於 b字串
時回傳 1(或非 0 整數)，輸入保證傳入的 a 與 b
長度相等。請問程式中的?處應填入下列何者？",a[i]<b[i] && i<n,i>=n || a[i]<b[i],i<n || a[i]<b[i],i<n && a[i]<b[i],以上皆非,D,程式理解,medium,,,,迴圈找到第一個不相同位置，但 不能超範圍。迴圈結束後，若 i==n while (i<n && a[i]==b[i]) 則 a==b(不符合 True 的定義)，否 則，a[i]與b[i]不同，a[i]小則回 注意(A)的寫法可能導致陣列超界 此函數定義為： a 字串的「字典序」小於 b字串 錯誤 時回傳 1(或非 0 整數)，輸入保證傳入的 a 與 b,"C程式,程式識讀,程式理解",True
C Q.110,"int f(int a, int b, int mod) {
int result = 1;
while (b) {
if ( q1 ) {
result = (result*a)%mod;
}
q2 ;
a = (a*a)%mod;
}
return result;
}
此函數利用 b 的二進位表示法來快速計算 a 的 b
次方除以 mod 的餘數，其中 a,b,mod 皆正整數
且mod不為0。請問程式中的 q1與 q2處應填入
下列何者？","q1: b%2==1, q2: b //= 10","q1: b&result, q2: b >>= 1","q1: b&1, q2: b >>= 1","q1: b^1, q2: b //= 2",以上皆非,C,位元運算,medium,,,,b 為奇數時將 a 乘進去。每一回 合b右移一位。,"C程式,程式識讀,位元運算",True
C Q.111,"int f(int a, int b, int mod) {
if (b == 0) return 1;
if (b&1) return f(a,b-1,mod)*a%mod;
?
}
此函數利用 b 的二進位表示法在 O(log(b))的時間
複雜度計算「a的b次方除以mod的餘數」，其中a>0,
b≥0, mod>0 皆為整數。請問程式中的?處應填入下
列何者？","return f(a,b-1,mod)*a%mod;","return f(a,b/2,mod)*f(a,b/2,mod)%mod;","int p=f(a,b-1,mod); return p*a%mod;","int p=f(a,b/2,mod); return p*p%mod;",以上皆非,D,遞迴,easy,,,,b 是偶數時，先算出 b/2 次 方，再自乘。要注意(B)的寫法會 ? 呼叫兩次，時間複雜度是 O(b)。 此函數利用 b 的二進位表示法在 O(log(b))的時間,"C程式,程式識讀,遞迴",True
C Q.112,"int s[10]= ? ;
int q[10], idx=-1, i;
for (i=0; i<n; i++) {
if (s[i] < 0) q[++idx] = s[i];
else if (idx<0 || q[idx] != -s[i]) {
idx = 99; break;
} else idx--;
}
printf(""%d"", (idx<0)? 1: 0);
程式中?為下列何者時輸出 1？","{-1,1,-2,-3,2,3}, n=6","{-1,-3,-2,2,3,-1,1}, n=7","{-1,-2,2,-3,-1,1,3,1}, n=8","{-1,-1,1,-2,3,-3,2,1}, n=8",以上皆非或程式錯誤,C,資料結構,hard,,,,類似用stack 檢查括號平衡， 負數是左括號，正數是右括號，絕對 if (s[i] < 0) q[++idx] = s[i]; 值相同是一對。,"C程式,程式識讀,資料結構",True
C Q.113,"int a[10]={4,-5,2,0,4,2,-2,1,3,-1};
int q = -999;
for (int i=1; i<10; i++) {
if (a[i-1] > 0)
a[i] += a[i-1];
if (a[i] > q) q = a[i];
}
printf(""%d %d"", a[7],q);
輸出為何？",5 10,7 12,7 10,5 12,以上皆非或程式錯誤,C,陣列,medium,,,,若前一項大於 0 就加過來，否 則不變。很容易用紙筆得到 if (a[i] > q) q = a[i]; 其實是找 max subarray 的演算 } 法，但做答並不一定需要知道。,"C程式,程式識讀,陣列",True
C Q.114,"若p<q且兩者皆為在 int範圍內的正整數，現要
計算兩者的中點，考慮下面兩個寫法：
int m = (p + q)/2;
int c = p + (q-p)/2;
下列敘述何者正確？",m與c 必定相同,若q-p 是偶數，則 m與c 必定相同,若q-p 是奇數，則 m與c 必不相等,m與c 可能不同,以上皆非,D,變數與運算,hard,,,,當p+q會產生溢位時，(1)會 計算兩者的中點，考慮下面兩個寫法： 得到錯誤的結果(負值) 這個一個二分搜著名的 bug。,"C程式,程式識讀,變數與運算",True
C Q.115,"int a=40, b;
long long c,d;
long long int e;
若已有以上宣告，考慮以下指令：
b = 1 << a;
c = (long long)(1 << a);
d = 1ull << a;
e = (long long)1 << a;
有哪幾個可以正確得到 2 的40 次方？","b,c,d,e 都可以","只有c,e可以，b,d不可以","只有d,e可以，b,c不可以","只有e可以，b,c,d不可以",以上皆非,C,變數與運算,easy,,,,b與c都會發生 overflow,"C程式,程式識讀,變數與運算",True
C Q.116,"int a[6] = {1,1,1,1,1,1};
int f(int i, int s) {
if (i == 6) {
return (s==3)? 1: 0;
}
int w1 = f(i+1,s);
int w2 = f(i+1,s+a[i]);
return w1+w2;
}
printf(""%d"", f(0,0));
輸出為何？",4,16,20,64,以上皆非或程式錯誤,C,遞迴,hard,,,,此遞迴程式枚舉所有子集合， 檢查其和是否為 3。所以答案是,"C程式,程式識讀,遞迴",True
C Q.117,"int f(int n, int i) {
if (i==0 || i==n)
return 1;
return f(n-1,i)+f(n-1,i-1);
}
f(5,2)的回傳值為何？",6,10,15,20,以上皆非或程式錯誤,B,遞迴,medium,,,,"遞迴。手算可以建表，其實這是 組合數的公式 C(n,r)=C(n-1,r-","C程式,程式識讀,遞迴",True
C Q.118,"int d[6][6]={0},i,j;
for (i=0; i<6; i++) {
d[i][0] = 1; d[i][i] = 1;
for (j=1; j<i; j++) {
d[i][j] = d[i-1][j-1]+d[i-1][j];
}
}
d[4][2]+d[5][3]的值為何？",13,14,15,16,以上皆非或程式錯誤,D,陣列,medium,,,,二維陣列建表。 for (j=1; j<i; j++) { 其實這是組合數的公式，但並不需要,"C程式,程式識讀,陣列",True
C Q.119,"#define n 100
int d[n+1][n+1] = {0}, mod=1000000007;
int f(int k, int i) {
if (d[k][i] > 0) return d[k][i];
if (i==0 || i==k)
d[k][i] = 1;
else
d[k][i]=(f(k-1,i)+f(k-1,i-1))%mod;
return d[k][i];
}
printf(""%d"", f(n,n/2))
下列何者最準確的以 n 來表達此程式的時間複雜
度？",O(n2),O(n3),O(2n),O(n!),以上皆非或程式錯誤,A,時間複雜度,hard,,,,這是以top-down DP來計算 組合數，答題不一定要知道，注意到 if (d[k][i] > 0) return d[k][i]; d的存在，所有可能的呼叫參數都在 表格內，每一個格子只會遞迴計算一 else 次，格子數是O(n2)，所以複雜度就 } 如果沒有memoization，時間複雜 下列何者最準確的以 n 來表達此程式的時間複雜,"C程式,程式識讀,時間複雜度",True
C Q.120,"int cmp(const void *x, const void *y) {
return (*(int*)x) - (*(int*)y);
}
int d[6],i, s=0;
for (i=0; i<6; i++)
d[i] = (i-2)*(i-2);
qsort(d, 6, sizeof(int), cmp);
若函數cmp宣告如上，執行後 d的內容為何？","[4,1,0,1,4,9]","[-4,-2,0,2,4,6]","[0,1,1,4,4,9]","[0,1,1,4,4,9,16]",以上皆非或程式錯誤,C,排序與搜尋,easy,,,,"用0..5生成 [4,1,0,1,4,9]，然後小排到大","C程式,程式識讀,排序與搜尋",True
C Q.121,"int cmp(const void *x, const void *y) {
return (*(int*)x) - (*(int*)y);
}
int d[10]={3,-1,0,5,0,9,1,0,7,4},cnt=0;
qsort(d, 5, sizeof(int), cmp);
qsort(d+5, 5, sizeof(int), cmp);
for (int i=0; i<10;i++)
for (int j=i+1; j<10; j++)
if (d[i] > d[j]) cnt++;
printf(""%d"", cnt);
輸出為何？",15,10,7,5,以上皆非或程式錯誤,D,排序與搜尋,hard,,,,"d切成2 段，個別排序， 右邊[0,1,4,7,9] 後面算 inversion，就是有幾對(前大 qsort(d+5, 5, sizeof(int), cmp); 後小)，已排序的內部不需要算，所以只 for (int i=0; i<10;i++) 要算p[i]在左邊，p[j]在右邊的有多少 反序就好了。","C程式,程式識讀,排序與搜尋",True
C Q.122,"int cmp(const void *x, const void *y) {
return ( ? );
}
char d[10]=""ababcddba"";
qsort(d, 9, sizeof(char), cmp);
若要將d中字母大到小排序，?處應填下列何者？",(*(char*)x) <= (*(char*)y),(*(char*)x) >= (*(char*)y),(*y) - (*x),(*(char*)y) - (*(char*)x),以上皆非或程式錯誤,D,排序與搜尋,easy,,,,型態轉換後相減，x在y之前 應回傳負值。注意(B)是錯的,"C程式,程式識讀,排序與搜尋",True
C Q.123,"int cmp(const void *x, const void *y) {
char *p=x, *q=y;
while (*p == *q && *p) p++,q++;
return (*p - *q);
}
char d[5][6]={""abcde"", ""abc"", ""baaa"",
""aba"", ""baa""};
qsort(d, 5, sizeof(char)*6, cmp);
printf(""%s %s %s"", d[0],d[2],d[4]);
輸出為何？",aba abc baaa,abc abcde baa,aba abcde baaa,aba abcde baa,以上皆非或程式錯誤,C,排序與搜尋,medium,,,,字串陣列的排序，依照字典序。,"C程式,程式識讀,排序與搜尋",True
C Q.124,"q = ?
int what = 1, cnt = 1, n=11;
for (int i=1; i<n; i++) {
if (q[i] == q[i-1]) {
cnt++;
if (cnt > what) what = cnt;
} else {
cnt = 1;
}
}
printf(""%d"", what);
若 q 為字串""apaltpptpay""的字母由小排到大
後的字串，輸出為何？",1,2,3,4,以上皆非或程式錯誤,D,排序與搜尋,hard,,,,排序後相同的東西會在一起。q 是 s 每個字母的 list，後面那段在 if (q[i] == q[i-1]) { 算連續出現的字母個數，what 是最 大值，所以，就是出現最多的字母，,"C程式,程式識讀,排序與搜尋",True
C Q.125,"char s[11]=""qwaearqtba"", n=10,i,j;
for (i=2; i<n-1; i+=2) {
char t1=d[i],t2=d[i+1];
for (j=i-2; j>=0; j-=2) {
if (d[j]>t1 || (d[j]==t1 && d[j+1]>t2))
d[j+2]=d[j], d[j+3]=d[j+1];
else break;
}
d[j+2]=t1, d[j+3]=t2;
}
printf(""%s"", d);
輸出為何？",aaabeqqrtw,aearbaqtqw,aearabqqtw,qwaearqtba,以上皆非或程式錯誤 (題目結束),B,排序與搜尋,medium,,,,以 2 個字母為一個字串,"C程式,程式識讀,排序與搜尋",True
Python Q.001,"a = 5
b = 3+a*2-a//2
a = a+b
print(a,b)
輸出為何？",15.5 10.5,16 11,10 5,10.5 5.5,執行錯誤,B,變數與運算,easy,,,,整數除法、先乘除後加減,"Python,程式識讀,變數與運算",True
Python Q.002,"a = (5+2)*(7-2*3)
b = (a-4*(a-5))*2
print(a,b)
輸出為何？",7 -2,105 -325,51 -9,0 0,執行錯誤,A,變數與運算,easy,,,,括弧先算、先乘除後加減,"Python,程式識讀,變數與運算",True
Python Q.003,"a = 5
b = a+3 = 7
print(a,b)
輸出為何？",5 7,4 7,4 8,5 8,執行錯誤,E,變數與運算,easy,,,,指定運算(=)左方必須為變數,"Python,程式識讀,變數與運算",True
Python Q.004,"q = []
head = 0
def push(q,c):
x
#
def pop(q):
c = q[head]
y
return c
#
此程式中 q 是用來當作一個先進先出的佇
列(queue)。push 與 pop 兩函數中所缺
的指令x與y應填入下列何者？",x: q[head]=c; y: head += 1,x: q.append(c); y: head += 1,x: q[head]=c; y: head -= 1,x: q.append(c); y: head -= 1,以上皆非,B,資料結構,medium,,,,queue的基本題，簡易的 queue， head為彈出的位置，list的尾端直接 x 當作queue的尾端。,"Python,程式識讀,資料結構",True
Python Q.005,"a = 2
a = 3.5
b = 3//5*5
print(a,b)
輸出為何？",2 3,3.5 3,2 0,3.5 0,執行錯誤,D,流程控制,easy,,,,"指令先後順序，變數無型態限制，所 以 a=3.5。b的計算同是乘除，由左往右， print(a,b) 整數除法無小數，b=0","Python,程式識讀,流程控制",True
Python Q.006,"a = 13%5
b = -13%5
c = -13//5
print(a,b,c)
輸出為何？",3 -3 -3,3 2 -3,3 -3 -2,3 2 -2,執行錯誤,B,變數與運算,medium,,,,"負號優先結合，題目中等同 b=(- 13)%5 與 c=(-13)//5，求整數除法商取 print(a,b,c) rounding down(捨位到比較小的整數， 輸出為何？ 餘數運算時，滿足被除數=商*除數+餘數， 所以負數除以正數取餘數時，餘數落於[0,","Python,程式識讀,變數與運算",True
Python Q.007,"a = 5
b = 3
a,b = b-1,a-1
print(a,b)
輸出為何？",2 1,3 4,2 4,不一定,執行錯誤,C,變數與運算,easy,,,,先取值計算右邊，再指定給左邊,"Python,程式識讀,變數與運算",True
Python Q.008,"s = [1,1,-3,2,4,-1,2,3,-5,2,-1,1]
q = []
h = 0
for v in s:
if v > 0:
q.append(v)
else:
while v < 0 and h<len(q):
v += q[h]; h += 1
print(sum(q[h:]))
輸出為何？",1,3,4,6,以上皆非或執行錯誤,B,資料結構,hard,,,,"用理解或直接追蹤皆可。q是queue， 碰到正數壓入，負數則一直彈出抵銷，直到 for v in s: q 是空或抵消完畢。問最後剩下 queue 中 的總和。在測資中，-3消掉前面，-1消掉 else: 2，-5消(4,2)，-1消3，最後 queue中","Python,程式識讀,資料結構",True
Python Q.009,"q = []
h = 0
s = ''
for v in [3,12,-2,765,23,-1,-3]:
if v > 0: q.append(str(v))
else:
s += q[h]
h += 1
#
print(s)
輸出為何？",312765,780,31276523,1223765,以上皆非或執行錯誤,A,資料結構,medium,,,,q是queue，正數壓入字串，否則從 q 中彈出串接到s。,"Python,程式識讀,資料結構",True
Python Q.010,"a = 1 < 2
b += a
print(a,b)
輸出為何？",True 1,1 1,0 0,不一定,執行錯誤,E,變數與運算,easy,,,,b+= 左方必須有定義,"Python,程式識讀,變數與運算",True
Python Q.011,"s = [1,1,-3,3,4,-1,2,3,-5,2,1,-1]
q = []
for v in s:
if v > 0:
q.append(v)
else:
while v < 0 and q:
v += q.pop()
print(sum(q))
輸出為何？",1,3,5,7,以上皆非或執行錯誤,C,資料結構,hard,,,,用理解或直接追蹤皆可。q是stack， 碰到正數壓入，負數則一直彈出抵銷，直到 if v > 0: q 是空或抵消完畢。問最後剩下 stack 中 的總和。在測資中，-3消掉前面，-1消掉,"Python,程式識讀,資料結構",True
Python Q.012,"s = input()
a = [s for s in input().split()]
print(s,a)
若輸入為以下內容
hello py
123 45
則輸出為何？","hello py [123,45]",hello 123 45,"hello ['123','45']","hello py ['123','45']",以上皆非或執行錯誤,D,串列,medium,,,,輸入為一行字串，split()是以空白 切割字串，第二行[]內的 s 為區域變數與 外面的無關 若輸入為以下內容,"Python,程式識讀,串列",True
Python Q.013,"a,b = [int(x) for x in input().split()]
print(a+b)
若輸入為以下內容
100 45
則輸出為何？",10045,"[100,45]",145,[10045],以上皆非或執行錯誤,C,輸入輸出,medium,,,,"輸入為一行字串，split()是以 空白切割字串，int轉換為整數。所以 若輸入為以下內容 a=100,b=45皆整數。 等號右邊是list，左邊是兩個變數與 則輸出為何？ list長度相同，會自動 unpack。","Python,程式識讀,輸入輸出",True
Python Q.014,"a,b = [int(x) for x in input().split()]
print(a,b)
若輸入為以下內容
100 45 25
則輸出為何？",100 45,"[100,45],25","[100,[45,25]",45 25,以上皆非或執行錯誤,E,輸入輸出,medium,,,,右邊是3個整數的 list，左邊 只有兩個變數，會產生執行錯誤。 若輸入為以下內容 等號右邊是list，左邊是兩個變數與 list長度相同，會自動 unpack。,"Python,程式識讀,輸入輸出",True
Python Q.015,"a = (10<3) or (4!=2+3)
b = a and (3<7<=9)
print(a,b)
輸出為何？",False True,True True,False False,True False,執行錯誤Error,B,流程控制,easy,,,,邏輯運算,"Python,程式識讀,流程控制",True
Python Q.016,"a,b = 10<3, 4!=2+3
c = b and (a or not b)
d = (a and not b) or (not a and b)
print(c,d)
輸出為何？",False True,True True,False False,True False,執行錯誤Error,A,流程控制,easy,,,,邏輯運算,"Python,程式識讀,流程控制",True
Python Q.017,"a = str(1<3)+str(101)
print(a)
輸出為何？",1101,102,True101,False101,執行錯誤Error,C,字串,easy,,,,數字與布林轉字串，字串相接,"Python,程式識讀,字串",True
Python Q.018,"a = '12'
b = '3'
print(int(a+b),int(a)+int(b))
輸出為何？",123 123,12 3,15 15,123 15,執行錯誤Error,D,字串,easy,,,,數字轉字串，字串相接,"Python,程式識讀,字串",True
Python Q.019,"a = ""fake""
b = ord(a[3])-ord(a[1])
c = a + chr(ord('f')+b)
print(c)
輸出為何？",fakek,fakej,fakk,fakj,執行錯誤Error,B,變數與運算,medium,,,,b=ord('e')-ord('a')=4;,"Python,程式識讀,變數與運算",True
Python Q.020,"a = bool("""")+int(1<3)
print(a)
輸出為何？",0,1,True,False1,執行錯誤Error,B,變數與運算,easy,,,,"""""轉bool是False，int(1<3)是 True 轉為1，因為是加法，前面型轉成 0，","Python,程式識讀,變數與運算",True
Python Q.021,"s = """"
a = s or 'notEmpty'
print(a)
輸出為何？",False,True,(輸出空字串),notEmpty,執行錯誤Error,D,流程控制,hard,,,,or運算回傳第一個true的項目，如 果全部是 false就回傳false,"Python,程式識讀,流程控制",True
Python Q.022,"a = (3 and 'we') or 0
print(a)
輸出為何？",False,True,3,we,0,D,流程控制,hard,,,,"(3 and 'we')是true,結果是we， OR 回傳第一個true的項目","Python,程式識讀,流程控制",True
Python Q.023,"s = """"
a = (s=="""") and ((1>3) or 123)
print(a+2)
輸出為何？",2,3,1232,125,執行錯誤Error,D,流程控制,hard,,,,"(s=="""")為true，回傳後項；or 回 傳第一個為 true的項目，a是整數123","Python,程式識讀,流程控制",True
Python Q.024,"n = 2
a = 'py'*n+(n+1)*'a'
print(a)
輸出為何？",py23a,pypyaaa,0,5,執行錯誤Error,B,字串,easy,,,,字串乘數字是重複字串,"Python,程式識讀,字串",True
Python Q.025,"a = 'py'+2
print(a)
輸出為何？",py2,2,pypy,(輸出空字串),執行錯誤Error,E,字串,easy,,,,字串與整數無法相加,"Python,程式識讀,字串",True
Python Q.026,"s = ""py""
a = s*(1>3)
print(a)
輸出為何？",py,py0,False,(輸出空字串),執行錯誤Error,D,字串,medium,,,,(1>3)轉整數為0，s*0是空字串,"Python,程式識讀,字串",True
Python Q.027,"a = ''
a = 20+3.5
print(a)
輸出為何？",23.5,23.0,203.5,23,執行錯誤Error,A,變數與運算,easy,,,,第一行無作用。整數與 float運算後 變成 float,"Python,程式識讀,變數與運算",True
Python Q.028,"a,b,c = [float(x) for x in input().split()]
r = (c+a)*b
print(r)
若輸入為以下內容
1.5 10 2.5e2
則輸出為何？",17.5,2515.0,261.5,2515,以上皆非或執行錯誤,B,輸入輸出,easy,,,,輸入一行字串切開後轉 float，2.5e2是科學表示式，乘 以 10 的 2 次方。計算時括弧先 若輸入為以下內容 算，輸出時，浮點數後有小數點,"Python,程式識讀,輸入輸出",True
Python Q.029,"s,w = """",5
p = [1,5,7]
if s:
if w in p: a = 0
else: a = 1
elif p[0]< w <p[2]:
if w+2 not in p: a = 2
else: a = 3
else:
a = 4
print(a%4)
輸出為何？",1,2,3,0,執行錯誤Error,C,流程控制,easy,,,,if 判斷，空字串轉布林是 false，,"Python,程式識讀,流程控制",True
Python Q.030,"a,s = 3,""e""
if 2<a<5:
s += 'e'
if len(s)==2:
a += 5
else: a = 0
print(a,s)
輸出為何？",8 e,8 ee,0 e,3 ee,執行錯誤Error,B,流程控制,easy,,,,第一個 if 會成立，第 2 個 if 也成 立。,"Python,程式識讀,流程控制",True
Python Q.031,"a,s = 3,""e""
if 2<a<5:
s += 'e'
if len(s)==1:
a += 5
else: a = 0
print(a,s)
輸出為何？",8 e,0 ee,0 e,3 ee,執行錯誤Error,D,流程控制,easy,,,,nested if and else,"Python,程式識讀,流程控制",True
Python Q.032,"t = 0
for i in range(10):
if i%3 == 1:
t += 1
print(t)

輸出為何？",0,3,4,10,執行錯誤Error,B,流程控制,easy,,,,"i=1,4,7時if成立，t加1三次","Python,程式識讀,流程控制",True
Python Q.033,"t = 0 (B) 1+3+…+99 = 2500
for i in range(100):
if i%2 == 1:
t += i
print(t)
輸出為何？",50,2500,2450,4950,執行錯誤Error,B,流程控制,medium,,,,1+3+…+99 = 2500,"Python,程式識讀,流程控制",True
Python Q.034,"t = 0
for i in range(100):
if i%2 == 1:
t += i
print(t)
輸出為何？",50,2500,2450,4950,執行錯誤Error,E,流程控制,easy,,,,if內的指令要縮排或接在:之後,"Python,程式識讀,流程控制",True
Python Q.035,"t = 0
for i in range(10): t += i
if t%6 == 0: t += 10
else: t += t
print(t)
輸出為何？",45,55,90,110,執行錯誤Error,C,流程控制,easy,,,,for 與 if 內只有一個指令時，可以 寫在:之後,"Python,程式識讀,流程控制",True
Python Q.036,"def f(a,b,c):
if ? :
return True
#
此函數定義為：檢查 a 的平方加上 b 的平方是否
等於c的平方。請問程式中的?處填入下列何者可
以正確達到目的？",(a^2 + b^2) = c^2,a^2 + b^2 == c^2,a**a + b**b == c**c,a*a + b*b == c**2,以上皆非,D,變數與運算,easy,,,,平方可以寫 a*a 也可以寫 此函數定義為：檢查 a 的平方加上 b 的平方是否,"Python,程式識讀,變數與運算",True
Python Q.037,"def f(a):
i = 0
while a%10 == 0:
i += 1
?
return i
#
此函數定義為： 保證傳入的 a是一個正整數，回
傳a的結尾有幾個0(十進制)，例如10300的結
尾有2個0。請問程式中的?處應填入下列何者？",a -= 10,a//10,a //= 10,a >> 1,以上皆非,C,程式理解,medium,,,,每次除以10。,"Python,程式識讀,程式理解",True
Python Q.038,"t1 = t2 = 1
while t2 <= 10000:
?
print(t2)
#
費式數的定義為：f(1)=f(2)=1，對 i>2，
f(i)=f(i-1)+f(i-2)。
此程式要計算第一個大於 10000的費式數，程式
中的?處應填入下列何者？",t1 = t2; t2 = t1+t2,t2 = t1+t2; t1 = t2,t3 = t1; t2 = t2+t3; t1 = t2,"t1,t2 = t2,t1+t2",以上皆非,D,流程控制,medium,,,,=右邊先取值，再指定給左邊。,"Python,程式識讀,流程控制",True
Python Q.039,"t = 0
for i in range(10):
if not i%2:
i += 1
t += i
if t == 48: break
else:
t += 10
print(t)
輸出為何？",60,50,55,48,執行錯誤Error,A,流程控制,hard,,,,若i偶數，t增加i+1，若i是奇數 則 t增加i，留意i的值雖被改變，但下次 i += 1 迴圈仍是 range 的下一個值(與 C 語言不 同)。t的值是(1+3+5+7+9)*2=50，顯然 else: 不會經過 48。for-else 的結構，如果順 t += 10 利完成，會執行 else 的部分，因此 t會再 +10，若break則不執行 else。,"Python,程式識讀,流程控制",True
Python Q.040,"t = 0
while t<20:
if t%2:
t *= 2
else: t += 1
print(t)
輸出為何？",0,20,30,32,執行錯誤Error,C,流程控制,medium,,,,t是奇數的話加倍，偶數加一，,"Python,程式識讀,流程控制",True
Python Q.041,"t = 5
while t<20:
t += t//2
if t%3 == 0:
break
else: t = -1
print(t)
輸出為何？",-1,5,15,20,執行錯誤Error,C,流程控制,medium,,,,"t=5,7,10,15","Python,程式識讀,流程控制",True
Python Q.042,"t = 9
while t<20:
t += t//2
if t%3 == 0:
break
else: t = -1
print(t)
輸出為何？",-1,9,19,28,執行錯誤Error,A,流程控制,medium,,,,"t=9,13,19,28,-1，因未break， 會執行 else part","Python,程式識讀,流程控制",True
Python Q.043,"t = 0
for i in range(10):
for j in range(1,10,2):
if (i+j)%5 == 0:
t += 1
print(t)
輸出為何？",0,5,10,50,執行錯誤Error,C,流程控制,hard,,,,"j的變化是(1,3,5,7,9)， j%5=(1,3,0,2,4)也就是對於任何i， if (i+j)%5 == 0: 恰有一個相加後為 5的倍數，所以答案是","Python,程式識讀,流程控制",True
Python Q.044,"cnt = 0
for t in (9,19,29,39,49):
for i in range(2,t):
if t%i == 0:
f = False
break
else: f = True
cnt += f
#
print(cnt)
輸出為何？",0,1,2,3,以上皆非或執行錯誤 Error,C,流程控制,hard,,,,迴圈內為檢驗是否為質數的程 序，外面被檢測的中有 2個質數。,"Python,程式識讀,流程控制",True
Python Q.045,"cnt = 0
for t in (-5,-1,5,11,13,15):
if t//5 >= 2:
for i in range(1,6):
t -= i
if t < 0:
t += 2
else:
t += 3
cnt += (t<0)
print(cnt)
輸出為何？",1,2,3,4,以上皆非或執行錯誤 Error,B,流程控制,hard,,,,"t<10時，會+3，所以 t<-3會得到負 值。t≥10時，先減去(1+2+…5)=15，如果 for i in range(1,6): <0 會再加2，因此得到負值的是減去 15後 <-2，也就是t≤12，也就是 10,11,12三 t += 2 者。總共有兩個：-5與11","Python,程式識讀,流程控制",True
Python Q.046,"a = [1,-1,3,5,-7,0]
print(sum(a),max(a),len(a))
輸出為何？",1 5 6,9 -7 5,17 5 6,1 -7 6,以上皆非或執行錯誤 Error,A,函式,easy,,,,基本函數的使用,"Python,程式識讀,函式",True
Python Q.047,"a = [1,-1,3,5,-7,0]
x = 3
if x in a:
x -= 4
if x not in a:
x += 9
else: x = 99
print(x)
輸出為何？",99,8,-1,3,以上皆非或執行錯誤 Error,C,串列,easy,,,,x in a 是成立的，x → -1，not in a 不成立，所以答案就是-1,"Python,程式識讀,串列",True
Python Q.048,"若 a=[]，b=[-1,1],c=[1,2,3]，考慮
以下指令個別執行的結果。
(1) t = sum(a)+max(b)
(2) t = max(a)+min(c)
(3) t = max(c)//sum(a+b)
(4) a = b+a+[sum(a)]

有幾個指令個別執行時會導致執行錯誤？",0,1,2,3,4,C,函式,medium,,,,max(a)會錯，因為 max內不得為空， 以下指令個別執行的結果。 sum(a+b)=0 在分母會錯。,"Python,程式識讀,函式",True
Python Q.049,"a = [2,-3,-1,6,0,3,5,6,8]
t = 0
for v in a:
if v == 0: break
if v%2:
t *= 2
else:
v = 0
t += 1
print(a[0],t)
輸出為何？",0 5,2 5,2 42,0 50,以上皆非或執行錯誤 Error,B,流程控制,easy,,,,"偶數t加一，奇數t 乘2，遇到0離 開，t值0,1,2,4,5。a未變動。a[0]=2","Python,程式識讀,流程控制",True
Python Q.050,"a = [[2,-3],[-1,6],[-3,3],[5,6]]
t = 0
for v in a:
if sum(v) == 0: break
if max(v) > 3:
t *= 3
v = []
else:
v.clear()
t += 1
print(len(a[0]),len(a[1]),t)
輸出為何？",0 0 3,0 2 3,2 2 3,0 2 12,以上皆非或執行錯誤 Error,B,流程控制,hard,,,,v=a[0] 時 ， v.clear() 會 影 響 執行,"Python,程式識讀,流程控制",True
Python Q.051,"p = [True]*20
for i in range(2,20):
if not p[i]: continue
for m in range(i+i,20,i):
p[m] = False
print(sum(p[2:]))
輸出為何？",8,9,10,11,執行錯誤Error,A,程式理解,medium,,,,"找質數，20 以內的質數個數(2, 3,","Python,程式識讀,程式理解",True
Python Q.052,"a = [8,3,1,5,0,7,4,2]
n = len(a)
for j in range(3):
for i in range(1,n):
if a[i-1]>a[i]:
a[i-1],a[i] = a[i],a[i-1]
print(a)
輸出為何？","[0,1,2,3,4,5,7,8]","[3,1,0,4,2,5,7,8]","[1,0,3,4,5,2,7,8]","[1,0,3,4,2,5,7,8]",以上皆非或執行錯誤 Error,D,程式理解,medium,,,,此為bubble sort前三回合,"Python,程式識讀,程式理解",True
Python Q.053,"a, b = [8,4,3,1], [0,4,5]
d = []
for v in b:
while a and a[-1] <= v:
d.append(a.pop())
d.append(v)
d += a
print(d)
輸出為何？","[0,1,4,3,5,4,8]","[0,1,3,4,4,5,8]","[0,4,5,1,3,4,8]","[1,3,4,8,0,4,5]",以上皆非或執行錯誤 Error,B,程式理解,medium,,,,a 是遞減，b 是遞增，合併成,"Python,程式識讀,程式理解",True
Python Q.054,"考慮下面的程式片段
a, b = ?
d = []
i = 0
for v in b:
while i<len(a) and a[i] <= v:
d.append(a[i])
i += 1
d.append(v)
print(d)
此程式是想要將 a,b 兩個遞增序列合併成一個遞
增序列d，但此程式有個錯誤，請問下列哪一組測
資放在第一行的?處，可以使得 d 不是想要的結
果？","[], [1,4,5]","[1,2,3,4], [5,6,7,8]","[3,4,7,9], [2,5,8]","[1,3,5,7], [2,4,6,8]",以上皆非,C,程式理解,hard,,,,"for之後最後漏了將 a的剩下 a, b = ? 部份放進d的尾端 for v in b: 所以 a 中>b[-1]的部份沒有在 d 中，選項中只有(C)有此情形","Python,程式識讀,程式理解",True
Python Q.055,"a = [[-1,-2],[1,2],[3,4]]
d = []
for p in a:
if sum(p) < 0:
p = []
else:
d += p
print(d, sum(a[0]))
輸出為何？","[[-1,-2],[1,2],[3,4]] -3","[1,2,3,4] -3","[1,2,3,4] 0","[-1,-2,1,2,3,4] 0",以上皆非或執行錯誤 Error,B,串列,medium,,,,每個row串接放在 d，a[0]不 會被清為[],"Python,程式識讀,串列",True
Python Q.056,"a = [8,3,1,5,0,7,4,2]
t1,t2 = -1,-1
for v in a:
if v%2: continue
if v > t1:
t1,t2 = v,t1
elif v > t2:

t2 = v
#
print(t2)
輸出為何？",8,7,4,2,以上皆非或執行錯誤 Error,C,程式理解,medium,,,,"找第二大偶數。t1,t2是存最 大與第二大偶數","Python,程式識讀,程式理解",True
Python Q.057,"a = [1,2,3,4]
b = a
c = a[:]
b[0] = 0
print(a[0],b[0],c[0])
輸出為何？",0 0 1,1 0 1,0 0 0,1 1 1,以上皆非或執行錯誤 Error,A,串列,easy,,,,"a,b指向同一 list，c是被複 製出來獨立的","Python,程式識讀,串列",True
Python Q.058,"a = ?
i = a.index(max(a))
j = a.index(min(a))
if i < j:
b = a[j:]+a[:i+1]
else:
b = a[j:i+1]
print(b)
以下選項中a 的初值與輸出的敘述何者錯誤？","若a=[2,1,3,4,5]，則輸出為[1,3,4,5]","若a=[3,6,3,1,5]，則輸出為[1,5,3,6]","若a=[1,1,1,1]，則輸出為[1]","若a=[4,3,3,1]，則輸出為[1,3,3,4]",以上皆無錯誤或執行錯誤 Error,D,串列,medium,,,,"從最小值位置到最大值位 置，把a看成環狀，(D)的結果 if i < j: 應該是[1,4]","Python,程式識讀,串列",True
Python Q.059,"total = imax = 0
for i in range(16):
cnt = 0
while i>0:
if i&1: cnt += 1
i >>= 1
if cnt > imax:
imax = cnt
total += cnt
print(imax, total)
輸出為何？",5 30,4 30,4 32,4 34,以上皆非或執行錯誤 Error,C,位元運算,hard,,,,"迴圈內是計算二進位表示時1-bit的 個數，imax 是最大，所以是 4 (i=15, while i>0: 1111)，要計算1-bit 總數，每個 bit剛 好 有 一 半 是 1 ， 所 以 total =","Python,程式識讀,位元運算",True
Python Q.060,"a = (10 << 3)
b = (a&(a-1))
print(a – b)
輸出為何？",0,16,32,64,以上皆非或執行錯誤 Error,B,位元運算,hard,,,,由二進位表示法去看,"Python,程式識讀,位元運算",True
Python Q.061,"k = 0b?
a = [8,3,1,5,0,7,4,2]
t = 0
for i in range(8):
if k & (1<<i):
t += a[i]
print(t)
註： 0b是二進位表示的意思，例如0b1101 就是十
進制整數13。
以下選項中k 的初值與輸出的敘述何者錯誤？",若k=0b00000101，則輸出為 9,若k=0b10100010，則輸出為 12,若k=0b10000001，10,若k=0b00110000，則輸出為 6,以上皆無錯誤或執行錯誤 Error,D,位元運算,medium,,,,k的二進位表示中 1-bit的位 置就是a中要被加入總和的元素，例 意高位元與低位元的位置,"Python,程式識讀,位元運算",True
Python Q.062,"def chk(s):
n = len(s)//2
return s[:n] == s[:-n-1:-1]
#
以下選項中傳入值s 與回傳值的敘述何者錯誤？",chk('xxarx')回傳 True,chk('a')回傳True,chk('abba')回傳 True,chk('abab')回傳 False,以上皆無錯誤或執行錯誤 Error,A,串列,medium,,,,此函數判斷字串是否為迴文,"Python,程式識讀,串列",True
Python Q.063,"def chk(s):
n = len(s)
for i in range(n//2):
if s[i] != s[n-1-i]:
return i
return -1
#
以下選項中傳入值s 與回傳值的敘述何者錯誤？",chk('xxarx')回傳 1,chk('abccba')回傳-1,chk('wa')回傳0,chk('ababbba')回傳3,以上皆無錯誤或執行錯誤 Error,D,字串,medium,,,,由外而內找第一個不對稱的位 置，(D)答案應該是 2,"Python,程式識讀,字串",True
Python Q.064,"a = 3
def f(k):
a = 4
k += 2
return a+k
#
b = 1
c = f(b)+a
print(b,c)
輸出為何？",3 11,1 10,1 11,3 10,以上皆非或執行錯誤 Error,B,函式,medium,,,,"a,b 值不會改變，副程式內的 a是區域變數","Python,程式識讀,函式",True
Python Q.065,"a = 3
def f(k):
a += 2
k = 4
return a+k
#
b = 1
c = f(b)+a
print(b,c)
輸出為何？",1 12,4 12,1 9,4 9,以上皆非或執行錯誤 Error,E,函式,medium,,,,函數內的a會被認為是區域變 數，但無初值不可以做 += 運算，執 k = 4 行錯誤,"Python,程式識讀,函式",True
Python Q.066,"a = 3
b = 1
def f(a):
a += 2
b = 4
return a+b
#
c = f(b)+a
print(b,c)
輸出為何？",1 14,4 14,1 10,1 12,以上皆非或執行錯誤 Error,C,函式,medium,,,,"函數內的a是參數，算是區域 變數，傳進來是 b=1，所以 a+=2變 a += 2 成3，函數內b是區域變數，值是 4。 b = 4 回傳 7。全域的 a,b 值未改變，","Python,程式識讀,函式",True
Python Q.067,"a,b = 3,[1,2]
def f(p,q):
p += 2
q[0] = 0
return p+sum(q)
#
d = f(a,b)
print(a,b,d)
輸出為何？","3 [1,2] 7","5 [0,2] 7","3 [0,2] 7","5 [1,2] 8",以上皆非或執行錯誤 Error,C,串列,medium,,,,list是mutable，參數會被 修改,"Python,程式識讀,串列",True
Python Q.068,"def f(s):
s *= 2
return s+'wa'
#
t = 'ab'
s = 'www'
c = f(t)+s
print(c,t)
輸出為何？",wwwwwwwawww ab,wwwwwwwawww abab,ababwawww abab,ababwawww ab,以上皆非或執行錯誤 Error,D,字串,medium,,,,字串是immutable，傳遞過去 不會變動。函數內的 s是外部傳過來 # 的t='ab'，回傳ababwa。,"Python,程式識讀,字串",True
Python Q.069,"def f(s):
cnt = [0]*26
for c in s:
if c<'a' or c>'z': return -1
cnt[ord(c)-ord('a')] += 1
return max(cnt)
#
以下選項中傳入值s 與回傳值的敘述何者錯誤？",f('xxBarx')回傳-1,f('abccbac')回傳 3,f('waxyz')回傳 1,f('aaaaabbbb')回傳5,以上皆無錯誤或執行錯誤 Error,E,串列,medium,,,,函數計算最多出現的字母次 數，若有非小寫字母回傳-1。選項皆,"Python,程式識讀,串列",True
Python Q.070,"def g(x,y):
if y == 0: return x
if x >= y: return g(x-y,y)
return g(y,x)
#
a = [3,5,12,18]
ans = 0
for i in range(3):

ans += g(a[i],a[i+1])
print(ans)
輸出為何？",3,8,10,12,以上皆非或執行錯誤 Error,B,遞迴,hard,,,,"此函數為 gcd，a 中相鄰數的 gcd分別是1,1,6，總和 8","Python,程式識讀,遞迴",True
Python Q.071,"def g(x,y):
if x < 2: return y
return g(x-2,y+1)
#
a = [1,5,20,8]
b = [3,1,20,0]
ans = sum(g(a[i],b[i]) for i in range(4))
print(ans)
輸出為何？",40,45,52,58,以上皆非或執行錯誤 Error,A,遞迴,medium,,,,推理函數所做的運算，每次 x-2，y+1，(皆非負)，所以此函 # 數回傳是y+x//2，,"Python,程式識讀,遞迴",True
Python Q.072,"def g(x,y):
t = 0
while x > 1 and y > 0:
t += 1
x, y = x-2, y-1
return t
#
a = [1,5,20,9]
b = [3,1,11,4]
ans = sum(g(u,v) for u,v in zip(a,b))
print(ans)
輸出為何？",17,16,15,14,以上皆非或執行錯誤 Error,C,變數與運算,medium,,,,"每次x-2，y-1，(皆非負)所以 函數回傳是min(x//2,y)","Python,程式識讀,變數與運算",True
Python Q.073,"def g(d):
if d%2 == 0: return f(d//2)+1
return f(d)
#
def f(d):
if d == 1: return 0
if d%2==1: return g(3*d+1)+1
return g(d)
#
ans = sum(f(i) for i in (1,2,3,4))
print(ans)
輸出為何？",7,8,9,10,以上皆非或執行錯誤 Error,D,遞迴,hard,,,,此函數是3n+1，即偶數除以 2 奇數變 3n+1，回傳經過幾回合變成 # 1，輸入3時,"Python,程式識讀,遞迴",True
Python Q.074,"def g(d):
d = [1,2,3]
return sum(d)
d = [4,5,6]
w = g(d)
print(w,d)
輸出為何？","6 [4,5,6]","6 [1,2,3]","15 [4,5,6]","15 [1,2,3]",以上皆非或執行錯誤 Error,A,串列,medium,,,,"函數中的d雖是傳遞過來的， 但仍是區域變數，一開始指向全域的 d = [4,5,6] d，但改指向[1,2,3]計算sum，全 域的d並未改變。","Python,程式識讀,串列",True
Python Q.075,"def g(s,ans):
if not s: return
imax = max(s)
i = s.index(imax)
ans.append(imax)
g(s[i+1:],ans)
return
#
ans = []
g([5,2,9,4,5,6,3,4,1],ans)
print(ans)
輸出為何？","[9,5,6]","[9,6,4,1]","[9,5,6,1]","[9,6,3,4,1]",以上皆非或執行錯誤 Error,B,遞迴,medium,,,,先找最大然後遞迴右邊。,"Python,程式識讀,遞迴",True
Python Q.076,"a = [3,4,1,5,2,4,2,6,9,7,8]
s = []
for v in a:
while s and s[-1]>=v:
s.pop()
s.append(v)
#
print(s)
輸出為何？","[3,4,5,6,7,8]","[1,2,4,6,7,8]","[1,2,6,7,8]","[1,2,2,6,7,8]",以上皆非或執行錯誤 Error,C,資料結構,medium,,,,s中維護遞增子序列(無等號)。,"Python,程式識讀,資料結構",True
Python Q.077,"def f(a):
t = 0
for v in a:
if v>t or –v>t:
t = v
return t
#
以下選項中傳入值與回傳值的敘述何者錯誤？","f([4,1,9,5,3])回傳9","f([-4,-1,-5])回傳-5","f([-4,1,-5,1])回傳-5","f([4,-1,-5,1,-9])回傳-9",以上皆無誤,C,程式理解,hard,,,,絕對值大的會變成 t，但如果 t 是負值，下一個任何值都會取代它,"Python,程式識讀,程式理解",True
Python Q.078,"a = [3,1,6,4,9,5,7]
n = len(a)
for i in range(n):
if a[i]>a[i+1]:
a[i],a[i+1] = a[i+1],a[i]
#
print(a)
輸出為何？","[1,3,4,5,6,7,9]","[1,3,4,6,5,7,9]","[1,3,4,6,5,7,0]","[1,3,4,6,5,7,0,9]",以上皆非或執行錯誤 Error,E,串列,medium,,,,bubble sort一回合，但index 範圍寫錯，會out of range。 應該寫range(n-1)。,"Python,程式識讀,串列",True
Python Q.079,"a = [1,2,4,4,5,7,7,8]
n = len(a)
def f(v):
i = 0
while a[i] < v:
i += 1
return i
#
以下選項中v 與回傳值的敘述何者錯誤？",f(0)回傳0,f(6)回傳5,f(4)回傳2,f(9)回傳8,以上皆無錯誤,D,程式理解,medium,,,,while迴圈i 的上限忘記寫， v=9時會執行錯誤。,"Python,程式識讀,程式理解",True
Python Q.080,"def chk(s):
i,j = 0,len(s)-1
cost = 0
while i<j:
if s[i] != s[j]:
cost += 1
s[j] = s[i]
i,j = i+1,j-1
return cost
#
以下選項中傳入值s 與回傳值的敘述何者正確？",chk('xxarx')回傳 2,chk('abc')回傳 2,chk('yxarx')回傳 2,chk('abab')回傳 0,以上皆不正確,E,程式理解,medium,,,,字串是 immutable 不能更改 其中的字元,"Python,程式識讀,程式理解",True
Python Q.081,"def chk(s):
i,j = 0,len(s)-1
while i<j:
if s[i] != s[j]:
cost += 1
i,j = i+1,j-1
return cost
#
以下選項中傳入值s 與回傳值的敘述何者正確？",chk('xxarx')回傳 2,chk('abc')回傳 2,chk('yxarx')回傳 2,chk('abab')回傳 0,以上皆不正確,E,程式理解,easy,,,,cost初值未設，執行錯誤,"Python,程式識讀,程式理解",True
Python Q.082,"def f(s):
i,j = 0,len(s)-1
cost = 0
while i<j:
if s[i] != s[j]:
cost += min(int(s[i]),int(s[j]))
i,j = i+1,j-1
return cost
#
v = 93010307435
print(f(str(v)))

輸出為何？",6,8,9,12,以上皆非或執行錯誤 Error,A,程式理解,medium,,,,第i個與倒數第 i個不同時加 上較小的,"Python,程式識讀,程式理解",True
Python Q.083,"idx = [3,0,5,1]
p = [5,4,3,2,1]
total = 0
for i in idx:
if p[i]<5 and i<len(p):
total += p[i]
#
print(total)
輸出為何？",11,6,15,4,以上皆非或執行錯誤 Error,E,流程控制,hard,,,,想要將idx所指位置的值小於5的 相加，答案與說明：預期是 4+2=6，但if for i in idx: 的short-circuit 保護寫反了，會產 生index out of range 的錯誤。,"Python,程式識讀,流程控制",True
Python Q.084,"a = [3,1,2,0,5]
p = 12
cnt = 0
for v in a:
if (p%v == 0) and (v != 0):
cnt += 1
#
print(cnt)
輸出為何？",0,1,2,3,以上皆非或執行錯誤 Error,E,流程控制,medium,,,,想要計算p的倍數有幾個，預期有 三個，但 if 的兩條件寫反了，沒有 for v in a: short-circuit保護，產生執行錯誤,"Python,程式識讀,流程控制",True
Python Q.085,"a = [0,1,4,2,0,-3,2,0]
p = 3
while True:
if a[p]==0 or p<0 or p>=8:
break
p += a[p]
#
print(p)
輸出為何？",0,4,7,8,以上皆非或執行錯誤 Error,E,流程控制,medium,,,,每次前進a[p]距離，負值為倒退， 直到碰到 0 或者出界，if 的條件寫反 錯誤,"Python,程式識讀,流程控制",True
Python Q.086,"a = [0,-1,4,2,0,-3,-2,5,1,-8,-3]
def f(i):
while 0<=i<len(a):
if a[i]==0:
return i
i += a[i]
return -1
#
p = [f(1),f(3),f(8),f(10)]
print(p)
輸出為何？","[0,4,-1,-1]","[0,4,0,-1]","[1,-1,4,-1]","[0,-1,0,-1]",以上皆非或執行錯誤 Error,B,程式理解,medium,,,,每次前進a[i]距離，負值為倒退， 直到碰到 0 或者出界，出界回傳-1，否 if a[i]==0: 則回傳停下來的位置 i += a[i] 每一格走過了之後，下次再走到不必重複 走，可以很快的用紙筆模擬答案與說明：,"Python,程式識讀,程式理解",True
Python Q.087,"a = [0,1,2,3,4,5,6,7]
p = a[1:3]+a[4:9:2]
a[1] = 9
print(p)
輸出為何？","[1,2,4,6]","[9,2,4,6]","[1,2,4,5,6,7]","[1,2,3,4,6]",以上皆非或執行錯誤 Error,A,串列,easy,,,,list slicing,"Python,程式識讀,串列",True
Python Q.088,"a = [[0,1],[2,3],[4,5]]
p = [a[1],a[0]]
a[1] = 9
a[0][0] = 9
print(p)
輸出為何？","[[2,3],[0,1]]","[9,[0,1]]","[[2,3],[9,1]]","[9,[9,1]]",以上皆非或執行錯誤 Error,C,串列,medium,,,,"一 開 始 p=[[2,3],[0,1]] ， a[1]=9，不會改變 p，a[0][0]=9 時， a[0][0] = 9 p[1]與 a[0]指向相同的[0,1]，兩者皆 被影響","Python,程式識讀,串列",True
Python Q.089,"a = ['wa','tle','ac']
p = [a[0],a[1]]
a[1] += 'Omg'
a[0] = 'ce'
執行後p的內容為何？","['wa','tle']","['wa','tleOmg']","['ce','tle']","['ce','tleOmg']",以上皆非或執行錯誤 Error,A,串列,medium,,,,字串是immutable，copy過 去就是獨立的,"Python,程式識讀,串列",True
Python Q.090,"def f(t):
r = ''
for ch in t:
if int(ch)%3 == 0:
r += '0'
else:
r += ch
return r
#
s = f('12346')
t = f('96134')
s = f(s+t[: : -1])
print(s)
輸出為何？",1234696134,1234643169,4010004021,1204040100,以上皆非或執行錯誤 Error,D,串列,medium,,,,3 的倍數改成 0。t[: :-1]是 反轉，先反轉後串接，再傳入一次沒,"Python,程式識讀,串列",True
Python Q.091,"a = ""127037265""
while len(a) > 1:
tem = """"
for i in range(0,len(a),2):
p = int(a[i:i+2])
tem += str(p//10 + p%10)
a = tem
#
print(a)
輸出為何？",4,6,7,8,以上皆非或執行錯誤 Error,B,字串,hard,,,,每 2 位切成一個數字，個位與 十位相加寫下來，重複此步驟直到剩,"Python,程式識讀,字串",True
Python Q.092,"def f(a):
while True:
s1 = str(a)
s2 = s1[: : -1]
if s1 == s2: return a
a = int(s1)+int(s2)
return -1
#
print(f(2371),f(932),f(1221))

輸出為何？",7117 1441 1221,6226 2822 3553,7117 2882 1221,6226 1441 3553,以上皆非或執行錯誤 Error,C,字串,hard,,,,reverse and add: 將整數 反轉後與原數相加，直到成為迴文數,"Python,程式識讀,字串",True
Python Q.093,"a = ['1110','1010','0011','1110']
w = ''
for i,r in enumerate(a):
w += r[i]
print(w)
輸出為何？",1110,1010,0101,1101,以上皆非或執行錯誤 Error,B,Python程式識讀,medium,,,,對角線串接,"Python,程式識讀,Python程式識讀",True
Python Q.094,"a = ['abcd','pqrs','1234']
s = ''
for i in range(4):
for r in a:
s += r[i]
print(s)
輸出為何？",abcdpqrs1234,aaaapppp1111,aq3br4cs1dp2,ap1bq2cr3ds4,以上皆非或執行錯誤 Error,D,Python程式識讀,medium,,,,依照 column major 串接字 串。,"Python,程式識讀,Python程式識讀",True
Python Q.095,"def fj(s,d):
if not s: return ''
t = ''
for ch in s[:-1]:
t += ch+d
return t+s[-1]
#
s1 = fj('qw','-')
s2 = fj(['03','14','2025'],'/')
s3 = fj(list('post'),'')
print(s1,s2,s3)
輸出為何？",q-w- 03/14/2025/ post,-qw- /03142025/ ['post'],q-w 03/14/2025 post,q-w 03/14/2025 ['post'],以上皆非或執行錯誤 Error,C,字串,hard,,,,join函數的實作，以 d為間隔,"Python,程式識讀,字串",True
Python Q.096,"def f(i,j):
if a[i][j] == '0': return 0
v[i][j] = True
cnt = 1
for p,q in ((i,j+1),(i+1,j),(i,j-1),(i-1,j)):
if 0<=p<4 and 0<=q<10 and not v[p][q]:
cnt += f(p,q)
return cnt
#
a = ['0110001101',
'1011101101',
'1101110111',
'1100100010']
v = [[False]*10 for i in range(4)]
x,y,z = f(1,3),f(0,3),f(2,9)
print(x,y,z)
輸出為何？",9 1 9,10 0 5,10 0 9,9 0 10,以上皆非或執行錯誤 Error,D,遞迴,hard,,,,很標準的 DFS寫法，以 上下左右為聯通，計算連通 cnt = 1 區塊的大小，DFS 用字串且對齊位置，讓人眼 # 比較好看出答案。,"Python,程式識讀,遞迴",True
Python Q.097,"def f(a):
if not a: return []
p = 0
for i in range(1,len(a)):
if a[i] < a[p]: p = i
return [a[p]]+f(a[:p])+f(a[p+1:])
#
q = [3,4,2,7,0,8,1,3,2]
print(f(q))
輸出為何？","[0,1,2,2,3,3,4,7,8]","[0,2,3,4,7,1,8,2,3]","[0,2,3,4,7,1,2,3,8]","[0,2,3,4,7,1,8,3,2]",以上皆非或執行錯誤 Error,B,遞迴,hard,,,,分治的標準型，找最小值放在 前面，分左右遞迴,"Python,程式識讀,遞迴",True
Python Q.098,"def b(x):
le,ri = 0,7
while le < ri:
mid = (le+ri)//2
if x == a[mid]: return mid
if x < a[mid]:
ri = mid-1
else:
le = mid
return le
#
a = [0,3,6,9,12,15,18,20]
以下呼叫與結果何者錯誤？",b(-1)回傳0,b(5)回傳2,b(18)回傳6,b(30)程式不會正常結束,以上皆非,B,程式理解,hard,,,,"寫壞的二分搜，只有在 a中或 <0會正確回傳第一個≥x的位置，其 mid = (le+ri)//2 他會導致無窮迴圈 行le = mid，因此 le,ri並無改 變","Python,程式識讀,程式理解",True
Python Q.099,"low,up = 1.0, 2.0
eps = 0.0001
x = 2.0
cnt = 0
while up - low > eps:
cnt += 1
mid = (low+up)/2
if mid*mid > x:
up = mid
else: low = mid

#
print(low,cnt)
此程式計算根號 2 的近似值，其中 cnt 的值是迴
圈的次數，也表示程式的效率。cnt最後輸出的值
在下列何範圍？",0 ~ 50,51 ~ 100,101 ~ 500,501 ~ 1000,1000以上,A,時間複雜度,medium,,,,二分搜，區間不超過 10000， 次數大約14次2^14>10000,"Python,程式識讀,時間複雜度",True
Python Q.100,"a = []
for i in range(n):
for j in range(m):
a.append(i+j)
#
此程式片段的時間複雜度以 m,n 表示為下列何
者？",O(m+n),O(mn),O(m/n),O(m2+n2),以上皆非,B,時間複雜度,easy,,,,雙迴圈執行次數,"Python,程式識讀,時間複雜度",True
Python Q.101,"a = []
for i in range(n):
a = [i]+a
#
此程式片段的時間複雜度以 n 表示為下列何者？",O(n),O(nlog(n)),O(n2),O(n3),以上皆非,C,時間複雜度,medium,,,,每次 O(i)總和 O(1+2+…n)=,"Python,程式識讀,時間複雜度",True
Python Q.102,"def f(a,i,v):
if i < 0: return 0
p = f(a,i-1,v+a[i])
q = f(a,i-1,v)
return max(p,q)
#
以f(p,n-1,0)呼叫此函數，其中 n是列表p 的
長度，則worst case 時間複雜度以n表示為下
列何者？",O(n),O(n2),O(n!),O(2n),以上皆非,D,時間複雜度,hard,,,,暴搜子集合,"Python,程式識讀,時間複雜度",True
Python Q.103,"def f(k):
for i in range(k):
if i*i > k:
return i
#
p = 0
for i in range(n):
p += f(i)
#
此程式的worst case 時間複雜度以n表示為下
列何者？",O(n3/2),O(nlog(n)),O(n1/2),O(n2),以上皆非,A,時間複雜度,hard,,,,f(k)的時間是根號 k，(根號 1+根號2+…根號n) = O(n^1.5),"Python,程式識讀,時間複雜度",True
Python Q.104,"def f(p,q):
if q < p+5: return (p+q)//2
s = 0
for i in range(p,q):
s += i
#
m = (p+q)//2
return f(p,m)+f(m+1,q)+s
#
以f(0,n)呼叫此函數，則 worst case時間複

雜度為下列何者？",O(2n),O(nlog(n)),O(n),O(n2),以上皆非,B,時間複雜度,hard,,,,"分治 T(n)=2T(n/2)+O(n)， T(n)=O(nlog(n))。注意時間複雜 for i in range(p,q): 度不是返回的數值。","Python,程式識讀,時間複雜度",True
Python Q.105,"s = 0
for i in range(1,n):
for j in range(i,n,i):
s += 1
#
print(s)
此程式片段的時間複雜度以 n 表示，則下列何者
為最準確的表示式？",O(n),O(nlog(n)),O(n2),O(n3),以上皆非,B,時間複雜度,hard,,,,"for i in range(1,n): n(1+1/2+1/3+1/4…) = O(nlog(n))","Python,程式識讀,時間複雜度",True
Python Q.106,"s = 0
n = len(a)
for i in range(n):
s += sum(a[i:]):
#
a是一個整數list，此程式片段的時間複雜度以
a的長度n表示，則下列何者為最準確的表示式？",O(n),O(nlog(n)),O(n2),O(n3),以上皆非,C,時間複雜度,medium,,,,sum(a[i:])的時間是 O(n- i)，所以總時間是(1+2+3…n) = a是一個整數list，此程式片段的時間複雜度以,"Python,程式識讀,時間複雜度",True
Python Q.107,"def f(a,x):
p = len(a)//2
q = 0
while p > 0:
if q+p<len(a) and a[q+p] < x:
q += p
p //= 2
#
return q
#
此函數被呼叫時，傳入的 a是一個整數list，而
x是一個整數。此函數的時間複雜度以 a的長度 n
來表示的話，則下列何者為其worst case時間
複雜度？",O(1),O(log(n)),O(n),O(nlog(n)),以上皆非,B,時間複雜度,medium,,,,p每次減半，log(n)次之後變 成 0，迴圈內為 O(1)，故複雜度為 q += p 此程式未必是執行二分搜，但只要看 時間複雜度，while 內是 O(1)，p 每次折半。 此函數被呼叫時，傳入的 a是一個整數list，而,"Python,程式識讀,時間複雜度",True
Python Q.108,"def small(a,b):
m,n = len(a),len(b)
for i in range( q1 ):
if a[i] < b[i]: return True
if a[i] > b[i]: return False
#
return q2
#
此函數定義為：a字串的「字典序」小於 b字串時
回傳 True，請問程式中的 q1 與 q2 為下列何者
時可以符合定義？","q1: min(m,n), q2: (a[i]<b[i])","q1: min(m,n), q2: (m<n)","q1: max(m,n), q2: (a[i]<b[i])","q1: max(m,n), q2: False",以上皆非,B,程式理解,medium,,,,"迴圈比較到min(m,n)，若未分 大小，a比較短的時候回傳 True","Python,程式識讀,程式理解",True
Python Q.109,"def small(a,b): # len(a)==len(b)
n = len(a)
i = 0
while i<n and a[i]==b[i]:
i += 1
#
return ?
#
此函數定義為： a 字串的「字典序」小於 b字串
時回傳True，輸入保證傳入的 a與b長度相等。
請問程式中的?處應填入下列何者？",a[i]<b[i] and i<n,i>=n or a[i]<b[i],i<n or a[i]<b[i],i<n and a[i]<b[i],以上皆非,D,程式理解,medium,,,,迴圈找到第一個不相同位置，但 不能超範圍。迴圈結束後，若 i==n while i<n and a[i]==b[i]: 則 a==b(不符合 True 的定義)，否 則，a[i]與b[i]不同，a[i]小則回 # 注意(A)的寫法可能導致錯誤 此函數定義為： a 字串的「字典序」小於 b字串 時回傳True，輸入保證傳入的 a與b長度相等。,"Python,程式識讀,程式理解",True
Python Q.110,"def f(a,b,mod):
result = 1
while b:
if ?1 :
result = (result*a)%mod
?2
a = (a*a)%mod
#
return result
#
此函數利用 b 的二進位表示法來快速計算 a 的 b
次方除以 mod 的餘數，其中 a,b,mod 皆正整數
且 mod 不為 0。請問程式中的?1 與?2 處應填入
下列何者？","q1: b%10, q2: b //= 10","q1: b&result, q2: b >>= 1","q1: b&1, q2: b >>= 1","q1: b^1, q2: b //= 2",以上皆非,C,位元運算,medium,,,,b 為奇數時將 a 乘進去。每一回 合b右移一位。,"Python,程式識讀,位元運算",True
Python Q.111,"def f(a,b):
n = 0
for v in a:
if ? :
n += v
return n
#
此函數定義為： 計算並回傳 list a中b的倍數
的總和。請問程式中的?處應填入下列何者？",v%b == 0,v%b,a[v]%b == 0,b in v,以上皆非,A,變數與運算,easy,,,,檢查是否為倍數。,"Python,程式識讀,變數與運算",True
Python Q.112,"def f(s):
q = []
for c in s:
if c < 0: q.append(c)
elif not q or q[-1]!=-c:
return False
else: q.pop()
return not q
#
以下何者回傳True？","f([-1,1,-2,-3,2,3])","f([-1,-3,-2,2,3,-1,1])","f([-1,-2,2,-3,-1,1,3,1])","f([-1,-1,1,-2,3,-3,2,1])",以上皆非或執行錯誤 Error,C,資料結構,hard,,,,類似用stack 檢查括號平衡， 負數是左括號，正數是右括號，絕對 if c < 0: q.append(c) 值相同是一對。,"Python,程式識讀,資料結構",True
Python Q.113,"a = [4,-5,2,0,4,2,-2,1,3,-1]
n = len(a)
for i in range(1,n):
if a[i-1] > 0:
a[i] += a[i-1]
#
print(a[7],max(a))
輸出為何？",5 10,7 12,7 10,5 12,以上皆非或執行錯誤 Error,C,程式理解,medium,,,,"若前一項大於 0 就加過來，否 則不變。很容易用紙筆得到 # 其實是找 max subarray 的演算 print(a[7],max(a)) 法，但做答並不一定需要知道。","Python,程式識讀,程式理解",True
Python Q.114,"a = [(i,j) for i in range(5) \
for j in range(5) if (i+j)%4==0 ]
print(a[: : 2])
輸出為何？","[(0,0),(1,3),(3,1),(4,4)]","[(0,0),(0,4),(1,3),(2,2)]","[(0,0),(1,3),(2,2),(4,4)]","[(0,4),(2,2),(4,0)]",以上皆非或執行錯誤 Error,A,串列,medium,,,,a生成的結果是,"Python,程式識讀,串列",True
Python Q.115,"a = [1,2,3,4,5,6]
q = [1,0,2,-1,1,0]
w = sum(a[i]*q[i] for i in range(6))
print(w)
輸出為何？",6,8,10,11,以上皆非或執行錯誤 Error,B,串列,easy,,,,向量內積,"Python,程式識讀,串列",True
Python Q.116,"a = [1]*6
def f(i,s):
if i == 6:
return s==3
w1 = f(i+1,s)
w2 = f(i+1,s+a[i])
return w1+w2
#
print(f(0,0))
輸出為何？",4,16,20,64,以上皆非或執行錯誤 Error,C,遞迴,hard,,,,此遞迴程式枚舉所有子集合， 檢查其和是否為 3。所以答案是,"Python,程式識讀,遞迴",True
Python Q.117,"def f(n,i):
if i==0 or i==n:
return 1
return f(n-1,i)+f(n-1,i-1)
print(f(5,2))
輸出為何？",6,10,15,20,以上皆非或執行錯誤 Error,B,遞迴,medium,,,,"遞迴。手算可以建表，其實這是 組合數的公式 C(n,r)=C(n-1,r-","Python,程式識讀,遞迴",True
Python Q.118,"n = 6
d = [[1]*n for i in range(n)]
for i in range(2,n):
for j in range(1,i):
d[i][j] = d[i-1][j-1]+d[i-1][j]
#
print(d[4][2]+d[5][3])
輸出為何？",13,14,15,16,以上皆非或執行錯誤 Error,D,Python程式識讀,medium,,,,"二維陣列建表。 for j in range(1,i): 其實這是組合數的公式，但並不需要 d[i][j] = d[i-1][j-1]+d[i-1][j] 知道也可以做。","Python,程式識讀,Python程式識讀",True
Python Q.119,"d = [[0]*(n+1) for i in range(n+1)]
def f(k,i):
if d[k][i] > 0: return d[k][i]
if i==0 or i==k:
d[k][i] = 1
else:
d[k][i] = f(k-1,i)+f(k-1,i-1)
return d[k][i]
#
print(f(n,n//2))
下列何者最準確的以 n 來表達此程式的時間複雜
度？",O(n2),O(n3),O(2n),O(n!),以上皆非或執行錯誤 Error,A,時間複雜度,hard,,,,"這是以top-down DP來計算 組合數，答題不一定要知道，注意到 if i==0 or i==k: d的存在，所有可能的呼叫參數都在 表格內，每一個格子只會遞迴計算一 d[k][i] = f(k-1,i)+f(k-1,i-1) 次，格子數是O(n2)，所以複雜度就 return d[k][i] 是平方。 print(f(n,n//2)) 如果沒有memoization，時間複雜 下列何者最準確的以 n 來表達此程式的時間複雜 度是O(C(n,n/2))=O(2^n)","Python,程式識讀,時間複雜度",True
Python Q.120,"d = list((x-2)**2 for x in range(6))
d.sort()
print(d)
輸出為何？","[4,1,0,1,4,9]","[-4,-2,0,2,4,6]","[0,1,1,4,4,9]","[0,1,1,4,4,9,16]",以上皆非或執行錯誤 Error,C,排序與搜尋,easy,,,,"用0..5生成 [4,1,0,1,4,9]，然後小排到大","Python,程式識讀,排序與搜尋",True
Python Q.121,"d = [3,-1,0,5,0,9,1,0,7,4]
n = len(d)
p = sorted(d[:n//2])+sorted(d[n//2:])
cnt = 0;
for i in range(n):
for j in range(i+1,n):
if p[i] > p[j]: cnt += 1
print(cnt)
輸出為何？",15,10,7,5,以上皆非或執行錯誤 Error,D,排序與搜尋,hard,,,,d 切成2段，個別排序，再接起來。 後面在算 inversion，就是有幾對(前 if p[i] > p[j]: cnt += 1 大後小)，已排序的內部不需要算，所以 print(cnt) 只要算p[i]在左邊，p[j]在右邊的有多 輸出為何？ 少反序就好了。,"Python,程式識讀,排序與搜尋",True
Python Q.122,"d = 'cbda'
p = sorted(d)
p的內容為何？",'abcd',"['a','b','c','d']",'cbda',"['c','b','d','a']",以上皆非或執行錯誤 Error,B,排序與搜尋,easy,,,,字串放進sorted會看成 iterable， 切開變成 list進行排序。,"Python,程式識讀,排序與搜尋",True
Python Q.123,"d = ['bdc','aw','ab','b']
s = '/'.join(sorted(d))
print(d[0],s)
輸出為何？",bdc a/a/b/b/b/c/d/w,b a/a/b/b/b/c/d/w,bdc ab/aw/b/bdc,b ab/aw/b/bdc,以上皆非或執行錯誤 Error,C,排序與搜尋,medium,,,,字串的list排序，依照字典序。 sorted(d)執行後 d 不會改變。 join 的作用是當中介將後面的字串,"Python,程式識讀,排序與搜尋",True
Python Q.124,"s = 'apaltpptpal'
n = len(s)
q = sorted(s)
what = cnt = 1
for i in range(1,n):
if q[i] == q[i-1]:
cnt += 1
else:
what = max(what,cnt)
cnt = 1
print(what)
輸出為何？",1,2,3,4,以上皆非或執行錯誤 Error,D,排序與搜尋,hard,,,,排序後相同的東西會在一起。q 是 s 每個字母的 list，後面那段在 what = cnt = 1 算連續出現的字母個數，what 是最 大值，所以，就是出現最多的字母，,"Python,程式識讀,排序與搜尋",True
Python Q.125,"d = [3,1,2]
a = d.sort()
a[0] = 0
print(a,d)
輸出為何？","[0,2,3] [1,2,3]","[0,1,2] [1,2,3]","[0,2,3] [3,1,2]","[0,2,3] [0,2,3]",以上皆非或執行錯誤 Error (題目結束),E,排序與搜尋,medium,,,,一個常犯的錯誤，d.sort()沒有 回傳值，所以 a是None，a[0]會引發錯,"Python,程式識讀,排序與搜尋",True
